Object Label,Object Name,Record Count,Status,Comments,ETL dev required,Comments,Links,ADO Ticket,Additional ADO tickets ,Additional ADO tickets ,Additional ADO tickets ,Additional ADO tickets ,Charging Model,User Story,ETL Task Ticket,ETL Task Priority,Sign Off with the Business - Ticket,Passed to DM,ETL Bug Ticket,Action Ticket,Object Filter Done,Charging model dependent,,
Device Size,DeviceSize__c,0,Active,,In testing ETL6,,,40289,36750,,,,,38487 & 43491,56356,1,55648,Passed across to DM 14/03/25,36750,40289,Done,,,Done
Supply Point Usage Type,SupplyPointUsageType__c,10,Active,,ETL dev completed - SMD to test after ETL 6,Supply Point Usage types not applied to Supply Points,https://southwestwater.visualstudio.com/CEP%20Solution/_workitems/edit/36510,33485,36510, ,,,Charging Model & Non Charging Model,36510 & 38532 & 43141,55924 & 55925,1,55651,Passed across to DM 10/03/25,36510,33485 & 34515 & 33483,Done,,,Done
Default Average Daily Usage,DefaultAverageDailyUsage__c,300,Active,16/04/2024 - values agreed based on number of occupiers ,,,,34517, , ,34974,,Charging Model,38544 & 43159 & 34974,56481,2,55656,"Not signing off yet - Steve G answered on 55656 (comment by SMD 13/03/3035 )- 55957

REV V3 passed across Mon 24/03
To review feedback from Steve G",,34517 & 55957,Done,,Waiting until we've closed on all questions.  Not a huge impact on ETL.  Low impact.,Review in meeting - 55656
Bundle,Bundle__c,0,Active,,ETL dev required,ETL Build Task - Available Bundle transformation mapping,https://dev.azure.com.mcas.ms/southwestwater/CEP%20Solution/_workitems/edit/37076?McasTsid=26110&McasCtx=4,37076,,,,,Charging Model,38745 & 43125,37076,1,55658,"Can't sign off yet - see actions 55948 (Ruth) and 55949 (Mat)

REV V3 passed across Mon 24/03

55948 & 56787 open",,55948 & 55949,Done,Y,Think we can take a full cut - not impacted by Sundries - but some other fields ,Review in meeting
Bundle Item,BundleItem__c,0,Active,,ETL dev required,Build Task: Bundle Item needs to be included in ETL,https://dev.azure.com.mcas.ms/southwestwater/CEP%20Solution/_workitems/edit/52446?McasTsid=26110&McasCtx=4,34129,37076,52446,,,Charging Model,34129,52446,2,55660,"Can't sign off until Bundle is signed off.

REV V3 passed across Mon 24/03",,,Done,Y,,Dependency
Group Type,GroupType__c,1,Complete,Not required - confirmed with NF and from Ruth (17/03/2025,,,,,, ,,,Charging Model,,54805,2,55674,Passed across to DM 17/03/25,,,Done,,,Done
Band Type,BandType__c,0,Complete,Not required,scope required,Are the BandType and ServiceMessage Objects in scope or not?,https://dev.azure.com.mcas.ms/southwestwater/CEP%20Solution/_workitems/edit/47278?McasTsid=26110&McasCtx=4,47278,,,,,Charging Model,,No ETL - as 55677 states,1,55677,Passed across to DM 10/03/25,,47278,Done,Y,,Done
Service Item Family,ServiceItemFamily__c,177,Active, ,ETL dev required,Build Task - RapidXtra to Aptumo charge migration,https://dev.azure.com.mcas.ms/southwestwater/CEP%20Solution/_workitems/edit/33501?McasTsid=26110&McasCtx=4,38506,46631,33501, ,,Charging Model,38506,33501 & 46631,1,55678,"Ready to pass across - need to pass across with Service Item Type

REV V3 passed across Mon 24/03",,,Done,Y,,Need to pass across with Service Item Type.  Sundries updated.
Service Item Type,ServiceItemType__c,0,Active, ,ETL dev required,Build Task - RapidXtra to Aptumo charge migration, ,33501,45091,, ,,Charging Model,38479 & 43209,55981 - 33501 & 45901 & 55981,2,55680,"Can't sign off yet - see actions 55944 (Steve G) and 55945 (Rob) &- Steve G to provide the ADO tickets - DM ETL ticket created

REV V3 passed across on Mon 24/03
55945 - open - Sundries",,55944 & 55945,Done,Y,,Review in meeting - 55945
Skip Code,SkipCode__c,0,Active,,,,,45596,,,,,,45596 & 38492 & 43182 & 39003 & 39006 & 39004 & 42371 & 42374 & 42373,56355,1,55683,"Ready to pass across - need new spreadsheet - Update US where no Case.  Just check on 55683 - final confirmation from Stacey.  Jenny cross referencing with User Stories.

REV3 passed across 26/03

Check we can sign off now Wiki & US updated",,,Done,,Not used in ETL - low impact,Review in meeting - 55683
Consideration Type,ConsiderationType__c,35,Active,Awaiting PSR design decision,ETL dev required,ETL Build Task - New logic required to map the cspecneeds (Special needs) to the PSR list of values.,https://dev.azure.com.mcas.ms/southwestwater/CEP%20Solution/_workitems/edit/37079?McasTsid=26110&McasCtx=4,37079,,,,,,38485 & 43181,56693/56687/37079,3,55684,Passed across to DM 14/03/25,,,Done,,,Done
Available Payment Day,AvailablePaymentDay__c,5,Active,ETL Dev required,ETL dev required,Build Task: Available Payment config into ETL,https://dev.azure.com.mcas.ms/southwestwater/CEP%20Solution/_workitems/edit/52451?McasTsid=26110&McasCtx=4,38542,43127,52451,,,,38542 & 43127,52451,2,55685,"See 55689 
REV3 passed across 26/03",,,Done,,,Meeting requested with PMO
Payment Method Type,PaymentMethodType__c,5,Active,,ETL dev required,Build task: Available Payment Method Type,https://dev.azure.com.mcas.ms/southwestwater/CEP%20Solution/_workitems/edit/52452?McasTsid=26110&McasCtx=4,52452,,,,,,38497 & 43189 & 41878 & 41876,52452,2,55686,"See 55689

REV3 passed across 26/03",,53245,Done,,,Meeting requested with PMO
Payment Method,PaymentMethod__c,0,Active,,ETL dev required,Build Task: Payment Method,https://dev.azure.com.mcas.ms/southwestwater/CEP%20Solution/_workitems/edit/52453?McasTsid=26110&McasCtx=4,41878,52453,,,,,41878 & 38520 & 49536 & 41719 & 53419,52453,2,55688,"See 55689
REV3 passed across 26/03",,53245 & 36315,Done,,,Meeting requested with PMO
Payment Plan Type,PaymentPlanType__c,45,Active,,ETL dev required,Build Task : Payment Plan Type,https://dev.azure.com.mcas.ms/southwestwater/CEP%20Solution/_workitems/edit/52455?McasTsid=26110&McasCtx=4,41876,41879,52455,,,,41879 & 41876 & 38546 & 52384 &43152,52455,2,55689,"Jenny reviewing COMD and Jenna's spreadsheet to bring into our Master Non Charging Model Ref Data Spreadsheet

REV3 passed across 26/03",,53245 & 36315,Done,,,Review in meeting - 55689
Bank Branch,BankBranch__c,1,Complete,Confirmed by SWW that Bank Branches will be required - code to be removed from ETL,ETL dev required,,https://southwestwater.visualstudio.com.mcas.ms/CEP%20Solution/_workitems/edit/52509?McasTsid=26110&McasCtx=4,43014,39874,52509,,,,43014 & 39874,52509,3,55690,Passed across to DM 10/03/25,,,Done - US?,,,Done
Service Item Tolerance,ServiceItemTolerance__c,20,Active,,ETL dev required,Build Task: ServiceItemTolerance,https://dev.azure.com.mcas.ms/southwestwater/CEP%20Solution/_workitems/edit/52456?McasTsid=26110&McasCtx=4,43121,37480,38529,33483,52456,Charging Model,43121 & 37480 & 38529,52456,2,55770,Passed across to DM 10/03/25,,,Done,Y,,Done
Financial Transaction Event Type,FinancialTransactionEventType__c,49,Active,,ETL dev required,Build Task: Financial Transaction Event Type,https://dev.azure.com.mcas.ms/southwestwater/CEP%20Solution/_workitems/edit/52457?McasTsid=26110&McasCtx=4,38539,52457,,,,,43207 & 38539,54032 & 52457,2 & 3,55789,List is up to date - may be a reverse charge value added post March - keeping ticket open until then - SMD 2025/03/12,,,Done,,,EMS to review
Work Order Settings,WorkOrderSettings__c,0,Complete,,ETL dev required,Build Task: Work Order Settings,https://dev.azure.com.mcas.ms/southwestwater/CEP%20Solution/_workitems/edit/52458?McasTsid=26110&McasCtx=4,52458,,,,,,,52458,2,55790,Passed across to DM 10/03/25 (removed as not relevant),,,Done - US?,,,Done
Template Mapping,TemplateMapping__c,0,N/A,Accenture task,ETL dev required,Build Task: Template Mapping,https://southwestwater.visualstudio.com.mcas.ms/CEP%20Solution/_workitems/edit/52459?McasTsid=26110&McasCtx=4,52459,,,,,,,52459,2,55792,Passed across to DM 10/03/25 (for ACN),,,Done - US?,,,Done
Template Setting,TemplateSetting__c,0,N/A,Accenture task,ETL dev required,Build Task: Template Setting,https://southwestwater.visualstudio.com.mcas.ms/CEP%20Solution/_workitems/edit/52460?McasTsid=26110&McasCtx=4,52460,,,,,,,52460 & 52459,2,55808,Passed across to DM 10/03/25 (for ACN),,,Done - US?,,,Done
Bill Message,Bill Message__c,5,Active,SWW to clarify,ETL dev required,ETL Build Task - Bill messages from Rapid to Aptumo,https://southwestwater.visualstudio.com/CEP%20Solution/_workitems/edit/38313/,38313,,,,,,39302,38313,2,55812,Passed across to DM 17/03/25,,,Done - US?,,,Done
Wholesaler,Wholesaler__c,10,Active,now with SR to dev ( 18/02/2025),ETL dev required,BUILD TASK: Data Migration Requirements to populate new 'Wholesaler' fields on key objects needs to be captured,https://southwestwater.visualstudio.com.mcas.ms/CEP%20Solution/_workitems/edit/45521?McasTsid=26110&McasCtx=4,48777,52372,34522,,,,38525 & 43183,52372 & 48777,2,55813,"Review actions listed out in 55813

REV3 passed across 26/03

Questons on 55813",,34522 & 45521,Done,,okay - some field dependencies,Review in meeting - 56420
Retailer,Retailer__c,61,Active,SWW to clarify,ETL dev required,Build Task: Retailer,https://southwestwater.visualstudio.com.mcas.ms/CEP%20Solution/_workitems/edit/52462?McasTsid=26110&McasCtx=4,38503,52462,,,,,38503 & 43135,52462,2,55814,Passed across to DM 17/03/25,,,Done,,,Done
Rate,Apt_UK__Rate__c,,Active,np,ETL dev required,Build Task: Rate,https://southwestwater.visualstudio.com.mcas.ms/CEP%20Solution/_workitems/edit/52463?McasTsid=26110&McasCtx=4,52463,43123,,,,Charging Model,38787 & 43123,52463,2,55815,"Can't sign off yet - see action 55947 (Rob/Steve), 56337, 56338

REV V3 passed across Mon 24/03
55947 open - rates/sundries - 56337 & 56338",,55947,Done,Y,,Review the tickets
Allowance Types,Apt_UK__AllowanceType__c,,Active,Need to load service item family and supply point usage type FIRST before this can be loaded,,,,55184,,,,,Charging Model,38507 & 43128,55184 & 38249 & 44108 & 44105,2,55816,Passed across to DM 10/03/25,,36158,Done, ,,Done
Discount,Apt_UK__Discount__c,,Complete,Nothing to migrate from Rapid - this is in the DOMD ( SMD 18/03/2025),,,,55185,,,,,Charging Model,,55185,2,55817,Passed across to DM 10/03/25  - the ticket 558217 refers to Discount Type not Discount,,,Done,,,Done
Discount Type  ,Apt_UK_DiscountType__C,,,,,,,,,,,,,,55185,2,55817,Passed across to DM 10/03/25,,,,,,
Default Book, ,,Active,,,"From: Medford, Ruth <rmedford@pennon-group.co.uk> -- Sent: 20 February 2025 09:02",,54038,56434,,,,,,54038 & 55818,,55818,"Review actions #56434 & #56435

REV3 passed across 26/03 - deprecate - being managed as part of Transformation",,,Done - US?,"#56434 - Andy
#56435 - Steve G
#54038 - Iwan",,JB is refrencing Master Data - not static.  Ref data references Master Data.  Should it be an Extract & Transform at Go Live?  ETL built - Rapid Table.  Steve G - checking with Neil & Stephen.
Discount Type Items,Apt_UK__DiscountTypeItem__c,,Active,DOMD,ETL dev required,,,,,,,,Charging Model,38489 & 43122,55923,1,55922,Passed across to DM 10/03/25,,,Done,,,Done
Division,Apt_UK__Division__c,,Active,COMD ,ETL dev required,The values are generated  in the ETL - any changes in the COMD will need require updating - Satendra to investigate,,,,,,,Charging Model,38528 & 43165,55935,1,55926,Passed across to DM 10/03/25,,,Done,,,Done
Service Type,Apt_UK__ServiceType__c,,Active,DOMD,ETL dev required,The values are generated  in the ETL - any changes in the COMD will need require updating,,,,,,,Charging Model,No User Stories,55958,1,55928,Passed across to DM 10/03/25,,,Done,,,Done
Rate Band,Apt_UK__RateBand__c,,Active,DOMD structure - values in this COMD,ETL dev required,,,,,,,,Charging Model,,,1,56346,"This cannot be signed off yet as has a dependency on Rates.

REV V3 passed across Mon 24/03",,,Done,Y,,Dependency
Tax,Apt_UK__Tax__c,,Active,DOMD structure - values in this COMD,ETL dev required,,,,,,,,Charging Model,,,1,56342,"Can't be signed off until Service Item Type is signed off

REV V3 passed across Mon 24/03.",,,Done,,,Need Service Item Type to be signed off
Tax Classification Type,Apt_UK__TaxClassificationType__c,,Active,DOMD structure - values in this COMD,ETL dev required,,,,,,,,Charging Model,,,1,56345,"Can't be signed off until Service Item Type is signed off.

REV V3 passed across Mon 24/03",,,Done,,,Need Service Item Type to be signed off
Device Type,Apt_UK__DeviceType__c, ,Active,DOMD,,,,,,,,,,,,,,"This in the DOMD and believe EMS are constructing the Data.  Constructed set of data in Transformation - this should be Ref Data.  Discuss with EMS and review the logic design.  Being constructed during Transformation - creating records with no Manufacturer - is this correct.

Not in the Non Charging Model Ref Data Spreadsheet REV3 V3 
 ",,,Done,,,#56436
Available Bundle,,,,,,,,,,,,,,,37076,1,,Not in REV V3,,,Done,,,
Discount Type Item,Apt_UK__DiscountTypeItem__c,,Active ,COMD,ETL Dev required,awaiting service item type finalisation,,,,,,,,,55923,55922,,Not in REV V3,,,,,,
Depot,,,,,,,,,,,,,,,,,,"In DOMD - is this Reference Data?  No open actions in the DOMD at the moment.
Check if this is Ref Data",,,Done - US?,,,
SI0041-ZERO,ZERO,SI0041,2017-04-01,,0,,,,,,,,,,,,,,,,,,,
SI0042-ZERO,ZERO,SI0042,2017-04-01,,0,,,,,,,,,,,,,,,,,,,
SI0043-ZERO,ZERO,SI0043,2017-04-01,,0,,,,,,,,,,,,,,,,,,,
SI0044-ZERO,ZERO,SI0044,2017-04-01,,0,,,,,,,,,,,,,,,,,,,
SI0045-ZERO,ZERO,SI0045,2017-04-01,,0,,,,,,,,,,,,,,,,,,,
SI0048-ZERO,ZERO,SI0048,2017-04-01,,0,,,,,,,,,,,,,,,,,,,
SI0049-ZERO,ZERO,SI0049,2017-04-01,,0,,,,,,,,,,,,,,,,,,,
SI0050-ZERO,ZERO,SI0050,2017-04-01,,0,,,,,,,,,,,,,,,,,,,
SI0051-ZERO,ZERO,SI0051,2017-04-01,,0,,,,,,,,,,,,,,,,,,,
SI0052-ZERO,ZERO,SI0052,2017-04-01,,0,,,,,,,,,,,,,,,,,,,
SI0053-ZERO,ZERO,SI0053,2017-04-01,,0,,,,,,,,,,,,,,,,,,,
SI0054-ZERO,ZERO,SI0054,2017-04-01,,0,,,,,,,,,,,,,,,,,,,
SI0055-ZERO,ZERO,SI0055,2017-04-01,,0,,,,,,,,,,,,,,,,,,,
SI0056-ZERO,ZERO,SI0056,2017-04-01,,0,,,,,,,,,,,,,,,,,,,
SI0057-ZERO,ZERO,SI0057,2017-04-01,,0,,,,,,,,,,,,,,,,,,,
SI0058-ZERO,ZERO,SI0058,2017-04-01,,0,,,,,,,,,,,,,,,,,,,
SI0059-ZERO,ZERO,SI0059,2017-04-01,,0,,,,,,,,,,,,,,,,,,,
SI0060-ZERO,ZERO,SI0060,2017-04-01,,0,,,,,,,,,,,,,,,,,,,
SI0061-ZERO,ZERO,SI0061,2017-04-01,,0,,,,,,,,,,,,,,,,,,,
SI0062-ZERO,ZERO,SI0062,2017-04-01,,0,,,,,,,,,,,,,,,,,,,
SI0063-ZERO,ZERO,SI0063,2017-04-01,,0,,,,,,,,,,,,,,,,,,,
SI0064-ZERO,ZERO,SI0064,2017-04-01,,0,,,,,,,,,,,,,,,,,,,
SI0065-ZERO,ZERO,SI0065,2017-04-01,,0,,,,,,,,,,,,,,,,,,,
SI0066-ZERO,ZERO,SI0066,2017-04-01,,0,,,,,,,,,,,,,,,,,,,
SI0067-ZERO,ZERO,SI0067,2017-04-01,,0,,,,,,,,,,,,,,,,,,,
SI0068-ZERO,ZERO,SI0068,2017-04-01,,0,,,,,,,,,,,,,,,,,,,
SI0069-ZERO,ZERO,SI0069,2017-04-01,,0,,,,,,,,,,,,,,,,,,,
SI0070-ZERO,ZERO,SI0070,2017-04-01,,0,,,,,,,,,,,,,,,,,,,
SI0071-ZERO,ZERO,SI0071,2017-04-01,,0,,,,,,,,,,,,,,,,,,,
SI0072-ZERO,ZERO,SI0072,2017-04-01,,0,,,,,,,,,,,,,,,,,,,
SI0073-ZERO,ZERO,SI0073,2017-04-01,,0,,,,,,,,,,,,,,,,,,,
SI0074-ZERO,ZERO,SI0074,2017-04-01,,0,,,,,,,,,,,,,,,,,,,
SI0075-ZERO,ZERO,SI0075,2017-04-01,,0,,,,,,,,,,,,,,,,,,,
SI0076-ZERO,ZERO,SI0076,2017-04-01,,0,,,,,,,,,,,,,,,,,,,
SI0077-ZERO,ZERO,SI0077,2017-04-01,,0,,,,,,,,,,,,,,,,,,,
SI0078-ZERO,ZERO,SI0078,2017-04-01,,0,,,,,,,,,,,,,,,,,,,
SI0079-ZERO,ZERO,SI0079,2017-04-01,,0,,,,,,,,,,,,,,,,,,,
SI0080-ZERO,ZERO,SI0080,2017-04-01,,0,,,,,,,,,,,,,,,,,,,
SI0081-ZERO,ZERO,SI0081,2017-04-01,,0,,,,,,,,,,,,,,,,,,,
SI0082-ZERO,ZERO,SI0082,2017-04-01,,0,,,,,,,,,,,,,,,,,,,
SI0083-ZERO,ZERO,SI0083,2017-04-01,,0,,,,,,,,,,,,,,,,,,,
SI0084-ZERO,ZERO,SI0084,2017-04-01,,0,,,,,,,,,,,,,,,,,,,
SI0085-ZERO,ZERO,SI0085,2017-04-01,,0,,,,,,,,,,,,,,,,,,,
SI0086-ZERO,ZERO,SI0086,2017-04-01,,0,,,,,,,,,,,,,,,,,,,
SI0087-ZERO,ZERO,SI0087,2017-04-01,,0,,,,,,,,,,,,,,,,,,,
SI0088-ZERO,ZERO,SI0088,2017-04-01,,0,,,,,,,,,,,,,,,,,,,
SI0089-ZERO,ZERO,SI0089,2017-04-01,,0,,,,,,,,,,,,,,,,,,,
SI0090-ZERO,ZERO,SI0090,2017-04-01,,0,,,,,,,,,,,,,,,,,,,
SI0091-ZERO,ZERO,SI0091,2017-04-01,,0,,,,,,,,,,,,,,,,,,,
SI0092-ZERO,ZERO,SI0092,2017-04-01,,0,,,,,,,,,,,,,,,,,,,
SI0093-ZERO,ZERO,SI0093,2017-04-01,,0,,,,,,,,,,,,,,,,,,,
SI0094-ZERO,ZERO,SI0094,2017-04-01,,0,,,,,,,,,,,,,,,,,,,
SI0095-ZERO,ZERO,SI0095,2017-04-01,,0,,,,,,,,,,,,,,,,,,,
SI0096-ZERO,ZERO,SI0096,2017-04-01,,0,,,,,,,,,,,,,,,,,,,
SI0099-ZERO,ZERO,SI0099,2017-04-01,,0,,,,,,,,,,,,,,,,,,,
SI0100-ZERO,ZERO,SI0100,2017-04-01,,0,,,,,,,,,,,,,,,,,,,
SI0101-ZERO,ZERO,SI0101,2017-04-01,,0,,,,,,,,,,,,,,,,,,,
SI0102-ZERO,ZERO,SI0102,2024-04-01,,0,,,,,,,,,,,,,,,,,,,
SI0103-ZERO,ZERO,SI0103,2024-04-01,,0,,,,,,,,,,,,,,,,,,,
SI0104-ZERO,ZERO,SI0104,2024-04-01,,0,,,,,,,,,,,,,,,,,,,
SI0105-ZERO,ZERO,SI0105,2017-04-01,,0,,,,,,,,,,,,,,,,,,,
SI0106-ZERO,ZERO,SI0106,2017-04-01,,0,,,,,,,,,,,,,,,,,,,
SI0107-ZERO,ZERO,SI0107,2017-04-01,,0,,,,,,,,,,,,,,,,,,,
SI0108-ZERO,ZERO,SI0108,2017-04-01,,0,,,,,,,,,,,,,,,,,,,
SI0109-ZERO,ZERO,SI0109,2017-04-01,,0,,,,,,,,,,,,,,,,,,,
SI0110-ZERO,ZERO,SI0110,2017-04-01,,0,,,,,,,,,,,,,,,,,,,
SI0111-ZERO,ZERO,SI0111,2017-04-01,,0,,,,,,,,,,,,,,,,,,,
SI0112-ZERO,ZERO,SI0112,2017-04-01,,0,,,,,,,,,,,,,,,,,,,
SI0113-ZERO,ZERO,SI0113,2017-04-01,,0,,,,,,,,,,,,,,,,,,,
SI0114-ZERO,ZERO,SI0114,2017-04-01,,0,,,,,,,,,,,,,,,,,,,
SI0115-ZERO,ZERO,SI0115,2017-04-01,,0,,,,,,,,,,,,,,,,,,,
SI0116-ZERO,ZERO,SI0116,2017-04-01,,0,,,,,,,,,,,,,,,,,,,
SI0117-ZERO,ZERO,SI0117,2017-04-01,,0,,,,,,,,,,,,,,,,,,,
SI0118-ZERO,ZERO,SI0118,2017-04-01,,0,,,,,,,,,,,,,,,,,,,
SI0119-ZERO,ZERO,SI0119,2017-04-01,,0,,,,,,,,,,,,,,,,,,,
SI0120-ZERO,ZERO,SI0120,2017-04-01,,0,,,,,,,,,,,,,,,,,,,
SI0121-ZERO,ZERO,SI0121,2017-04-01,,0,,,,,,,,,,,,,,,,,,,
SI0122-ZERO,ZERO,SI0122,2017-04-01,,0,,,,,,,,,,,,,,,,,,,
SI0123-ZERO,ZERO,SI0123,2017-04-01,,0,,,,,,,,,,,,,,,,,,,
SI0124-ZERO,ZERO,SI0124,2017-04-01,,0,,,,,,,,,,,,,,,,,,,
SI0125-ZERO,ZERO,SI0125,2017-04-01,,0,,,,,,,,,,,,,,,,,,,
SI0126-ZERO,ZERO,SI0126,2017-04-01,,0,,,,,,,,,,,,,,,,,,,
SI0127-ZERO,ZERO,SI0127,2017-04-01,,0,,,,,,,,,,,,,,,,,,,
SI0128-ZERO,ZERO,SI0128,2017-04-01,,0,,,,,,,,,,,,,,,,,,,
SI0129-ZERO,ZERO,SI0129,2017-04-01,,0,,,,,,,,,,,,,,,,,,,
SI0130-ZERO,ZERO,SI0130,2017-04-01,,0,,,,,,,,,,,,,,,,,,,
SI0131-ZERO,ZERO,SI0131,2017-04-01,,0,,,,,,,,,,,,,,,,,,,
SI0132-ZERO,ZERO,SI0132,2017-04-01,,0,,,,,,,,,,,,,,,,,,,
SI0133-ZERO,ZERO,SI0133,2024-04-01,,0,,,,,,,,,,,,,,,,,,,
SI0134-ZERO,ZERO,SI0134,2024-04-01,,0,,,,,,,,,,,,,,,,,,,
SI0135-ZERO,ZERO,SI0135,2024-04-01,,0,,,,,,,,,,,,,,,,,,,
SI0136-ZERO,ZERO,SI0136,2024-04-01,,0,,,,,,,,,,,,,,,,,,,
SI0137-ZERO,ZERO,SI0137,2024-04-01,,0,,,,,,,,,,,,,,,,,,,
SI0138-ZERO,ZERO,SI0138,2024-04-01,,0,,,,,,,,,,,,,,,,,,,
SI0139-ZERO,ZERO,SI0139,2024-04-01,,0,,,,,,,,,,,,,,,,,,,
SI0140-ZERO,ZERO,SI0140,2024-04-01,,0,,,,,,,,,,,,,,,,,,,
SI0141-ZERO,ZERO,SI0141,2024-04-01,,0,,,,,,,,,,,,,,,,,,,
SI0142-ZERO,ZERO,SI0142,2024-04-01,,0,,,,,,,,,,,,,,,,,,,
SI0143-ZERO,ZERO,SI0143,2024-04-01,,0,,,,,,,,,,,,,,,,,,,
SI0144-ZERO,ZERO,SI0144,2024-04-01,,0,,,,,,,,,,,,,,,,,,,
SI0145-ZERO,ZERO,SI0145,2017-04-01,,0,,,,,,,,,,,,,,,,,,,
SI0148-ZERO,ZERO,SI0148,2017-04-01,,0,,,,,,,,,,,,,,,,,,,
SI0149-ZERO,ZERO,SI0149,2017-04-01,,0,,,,,,,,,,,,,,,,,,,
SI0152-ZERO,ZERO,SI0152,2017-04-01,,0,,,,,,,,,,,,,,,,,,,
SI0153-ZERO,ZERO,SI0153,2017-04-01,,0,,,,,,,,,,,,,,,,,,,
SI0154-ZERO,ZERO,SI0154,2017-04-01,,0,,,,,,,,,,,,,,,,,,,
SI0157-ZERO,ZERO,SI0157,2017-04-01,,0,,,,,,,,,,,,,,,,,,,
SI0158-ZERO,ZERO,SI0158,2017-04-01,,0,,,,,,,,,,,,,,,,,,,
SI0159-ZERO,ZERO,SI0159,2017-04-01,,0,,,,,,,,,,,,,,,,,,,
SI0162-ZERO,ZERO,SI0162,2017-04-01,,0,,,,,,,,,,,,,,,,,,,
SI0163-ZERO,ZERO,SI0163,2017-04-01,,0,,,,,,,,,,,,,,,,,,,
SI0164-ZERO,ZERO,SI0164,2017-04-01,,0,,,,,,,,,,,,,,,,,,,
SI0165-ZERO,ZERO,SI0165,2017-04-01,,0,,,,,,,,,,,,,,,,,,,
SI0167-ZERO,ZERO,SI0167,2017-04-01,,0,,,,,,,,,,,,,,,,,,,
SI0168-ZERO,ZERO,SI0168,2017-04-01,,0,,,,,,,,,,,,,,,,,,,
SI0171-ZERO,ZERO,SI0171,2017-04-01,,0,,,,,,,,,,,,,,,,,,,
SI0173-ZERO,ZERO,SI0173,2017-04-01,,0,,,,,,,,,,,,,,,,,,,
SI0175-ZERO,ZERO,SI0175,2017-04-01,,0,,,,,,,,,,,,,,,,,,,
SI0176-ZERO,ZERO,SI0176,2017-04-01,,0,,,,,,,,,,,,,,,,,,,
SI0177-ZERO,ZERO,SI0177,2017-04-01,,0,,,,,,,,,,,,,,,,,,,
SI0178-ZERO,ZERO,SI0178,2020-04-01,,0,,,,,,,,,,,,,,,,,,,
SI0179-ZERO,ZERO,SI0179,2020-04-01,,0,,,,,,,,,,,,,,,,,,,
SI0180-ZERO,ZERO,SI0180,2020-04-01,,0,,,,,,,,,,,,,,,,,,,
SI0181-ZERO,ZERO,SI0181,2020-04-01,,0,,,,,,,,,,,,,,,,,,,
SI0182-ZERO,ZERO,SI0182,2020-04-01,,0,,,,,,,,,,,,,,,,,,,
SI0183-ZERO,ZERO,SI0183,2020-04-01,,0,,,,,,,,,,,,,,,,,,,
SI0184-ZERO,ZERO,SI0184,2020-04-01,,0,,,,,,,,,,,,,,,,,,,
SI0185-ZERO,ZERO,SI0185,2020-04-01,,0,,,,,,,,,,,,,,,,,,,
SI0186-ZERO,ZERO,SI0186,2020-04-01,,0,,,,,,,,,,,,,,,,,,,
SI0187-ZERO,ZERO,SI0187,2020-04-01,,0,,,,,,,,,,,,,,,,,,,
SI0188-ZERO,ZERO,SI0188,2020-04-01,,0,,,,,,,,,,,,,,,,,,,
SI0189-ZERO,ZERO,SI0189,2020-04-01,,0,,,,,,,,,,,,,,,,,,,
SI0190-ZERO,ZERO,SI0190,2020-04-01,,0,,,,,,,,,,,,,,,,,,,
SI0191-ZERO,ZERO,SI0191,2020-04-01,,0,,,,,,,,,,,,,,,,,,,
SI0192-ZERO,ZERO,SI0192,2020-04-01,,0,,,,,,,,,,,,,,,,,,,
SI0193-ZERO,ZERO,SI0193,2020-04-01,,0,,,,,,,,,,,,,,,,,,,
SI0194-ZERO,ZERO,SI0194,2020-04-01,,0,,,,,,,,,,,,,,,,,,,
SI0195-ZERO,ZERO,SI0195,2020-04-01,,0,,,,,,,,,,,,,,,,,,,
SI0196-ZERO,ZERO,SI0196,2020-04-01,,0,,,,,,,,,,,,,,,,,,,
SI0197-ZERO,ZERO,SI0197,2020-04-01,,0,,,,,,,,,,,,,,,,,,,
SI0198-ZERO,ZERO,SI0198,2020-04-01,,0,,,,,,,,,,,,,,,,,,,
SI0199-ZERO,ZERO,SI0199,2020-04-01,,0,,,,,,,,,,,,,,,,,,,
SI0200-ZERO,ZERO,SI0200,2020-04-01,,0,,,,,,,,,,,,,,,,,,,
SI0201-ZERO,ZERO,SI0201,2020-04-01,,0,,,,,,,,,,,,,,,,,,,
SI0202-ZERO,ZERO,SI0202,2020-04-01,,0,,,,,,,,,,,,,,,,,,,
SI0203-ZERO,ZERO,SI0203,2020-04-01,,0,,,,,,,,,,,,,,,,,,,
SI0204-ZERO,ZERO,SI0204,2020-04-01,,0,,,,,,,,,,,,,,,,,,,
SI0205-ZERO,ZERO,SI0205,2020-04-01,,0,,,,,,,,,,,,,,,,,,,
SI0206-ZERO,ZERO,SI0206,2020-04-01,,0,,,,,,,,,,,,,,,,,,,
SI0207-ZERO,ZERO,SI0207,2020-04-01,,0,,,,,,,,,,,,,,,,,,,
SI0208-ZERO,ZERO,SI0208,2020-04-01,,0,,,,,,,,,,,,,,,,,,,
SI0209-ZERO,ZERO,SI0209,2020-04-01,,0,,,,,,,,,,,,,,,,,,,
SI0210-ZERO,ZERO,SI0210,2020-04-01,,0,,,,,,,,,,,,,,,,,,,
SI0211-ZERO,ZERO,SI0211,2020-04-01,,0,,,,,,,,,,,,,,,,,,,
SI0212-ZERO,ZERO,SI0212,2020-04-01,,0,,,,,,,,,,,,,,,,,,,
SI0213-ZERO,ZERO,SI0213,2020-04-01,,0,,,,,,,,,,,,,,,,,,,
SI0214-ZERO,ZERO,SI0214,2020-04-01,,0,,,,,,,,,,,,,,,,,,,
SI0215-ZERO,ZERO,SI0215,2020-04-01,,0,,,,,,,,,,,,,,,,,,,
SI0216-ZERO,ZERO,SI0216,2020-04-01,,0,,,,,,,,,,,,,,,,,,,
SI0217-ZERO,ZERO,SI0217,2020-04-01,,0,,,,,,,,,,,,,,,,,,,
SI0218-ZERO,ZERO,SI0218,2020-04-01,,0,,,,,,,,,,,,,,,,,,,
SI0219-ZERO,ZERO,SI0219,2020-04-01,,0,,,,,,,,,,,,,,,,,,,
SI0220-ZERO,ZERO,SI0220,2020-04-01,,0,,,,,,,,,,,,,,,,,,,
SI0221-ZERO,ZERO,SI0221,2020-04-01,,0,,,,,,,,,,,,,,,,,,,
SI0222-ZERO,ZERO,SI0222,2020-04-01,,0,,,,,,,,,,,,,,,,,,,
SI0223-ZERO,ZERO,SI0223,2020-04-01,,0,,,,,,,,,,,,,,,,,,,
SI0224-ZERO,ZERO,SI0224,2020-04-01,,0,,,,,,,,,,,,,,,,,,,
SI0225-ZERO,ZERO,SI0225,2020-04-01,,0,,,,,,,,,,,,,,,,,,,
SI0226-ZERO,ZERO,SI0226,2020-04-01,,0,,,,,,,,,,,,,,,,,,,
SI0227-ZERO,ZERO,SI0227,2020-04-01,,0,,,,,,,,,,,,,,,,,,,
SI0228-ZERO,ZERO,SI0228,2020-04-01,,0,,,,,,,,,,,,,,,,,,,
SI0229-ZERO,ZERO,SI0229,2020-04-01,,0,,,,,,,,,,,,,,,,,,,
SI0230-ZERO,ZERO,SI0230,2020-04-01,,0,,,,,,,,,,,,,,,,,,,
SI0231-ZERO,ZERO,SI0231,2020-04-01,,0,,,,,,,,,,,,,,,,,,,
SI0232-ZERO,ZERO,SI0232,2020-04-01,,0,,,,,,,,,,,,,,,,,,,
SI0233-ZERO,ZERO,SI0233,2020-04-01,,0,,,,,,,,,,,,,,,,,,,
SI0234-ZERO,ZERO,SI0234,2020-04-01,,0,,,,,,,,,,,,,,,,,,,
SI0235-ZERO,ZERO,SI0235,2020-04-01,,0,,,,,,,,,,,,,,,,,,,
SI0236-ZERO,ZERO,SI0236,2020-04-01,,0,,,,,,,,,,,,,,,,,,,
SI0237-ZERO,ZERO,SI0237,2020-04-01,,0,,,,,,,,,,,,,,,,,,,
SI0238-ZERO,ZERO,SI0238,2020-04-01,,0,,,,,,,,,,,,,,,,,,,
SI0239-ZERO,ZERO,SI0239,2020-04-01,,0,,,,,,,,,,,,,,,,,,,
SI0240-ZERO,ZERO,SI0240,2020-04-01,,0,,,,,,,,,,,,,,,,,,,
SI0241-ZERO,ZERO,SI0241,2020-04-01,,0,,,,,,,,,,,,,,,,,,,
SI0242-ZERO,ZERO,SI0242,2020-04-01,,0,,,,,,,,,,,,,,,,,,,
SI0243-ZERO,ZERO,SI0243,2020-04-01,,0,,,,,,,,,,,,,,,,,,,
SI0244-ZERO,ZERO,SI0244,2022-04-01,,0,,,,,,,,,,,,,,,,,,,
SI0245-ZERO,ZERO,SI0245,2022-04-01,,0,,,,,,,,,,,,,,,,,,,
SI0246-ZERO,ZERO,SI0246,2022-04-01,,0,,,,,,,,,,,,,,,,,,,
SI0247-ZERO,ZERO,SI0247,2022-04-01,,0,,,,,,,,,,,,,,,,,,,
SI0248-ZERO,ZERO,SI0248,2022-04-01,,0,,,,,,,,,,,,,,,,,,,
SI0249-ZERO,ZERO,SI0249,2022-04-01,,0,,,,,,,,,,,,,,,,,,,
SI0250-ZERO,ZERO,SI0250,2022-04-01,,0,,,,,,,,,,,,,,,,,,,
SI0251-ZERO,ZERO,SI0251,2022-04-01,,0,,,,,,,,,,,,,,,,,,,
SI0252-ZERO,ZERO,SI0252,2022-04-01,,0,,,,,,,,,,,,,,,,,,,
SI0253-ZERO,ZERO,SI0253,2022-04-01,,0,,,,,,,,,,,,,,,,,,,
SI0254-ZERO,ZERO,SI0254,2022-04-01,,0,,,,,,,,,,,,,,,,,,,
SI0255-ZERO,ZERO,SI0255,2022-04-01,,0,,,,,,,,,,,,,,,,,,,
SI0256-ZERO,ZERO,SI0256,2022-04-01,,0,,,,,,,,,,,,,,,,,,,
SI0257-ZERO,ZERO,SI0257,2022-04-01,,0,,,,,,,,,,,,,,,,,,,
SI0258-ZERO,ZERO,SI0258,2022-04-01,,0,,,,,,,,,,,,,,,,,,,
SI0259-ZERO,ZERO,SI0259,2022-04-01,,0,,,,,,,,,,,,,,,,,,,
SI0260-ZERO,ZERO,SI0260,2022-04-01,,0,,,,,,,,,,,,,,,,,,,
SI0261-ZERO,ZERO,SI0261,2022-04-01,,0,,,,,,,,,,,,,,,,,,,
SI0262-ZERO,ZERO,SI0262,2022-04-01,,0,,,,,,,,,,,,,,,,,,,
SI0263-ZERO,ZERO,SI0263,2022-04-01,,0,,,,,,,,,,,,,,,,,,,
SI0264-ZERO,ZERO,SI0264,2022-04-01,,0,,,,,,,,,,,,,,,,,,,
SI0265-ZERO,ZERO,SI0265,2022-04-01,,0,,,,,,,,,,,,,,,,,,,
SI0266-ZERO,ZERO,SI0266,2022-04-01,,0,,,,,,,,,,,,,,,,,,,
SI0267-ZERO,ZERO,SI0267,2022-04-01,,0,,,,,,,,,,,,,,,,,,,
SI0268-ZERO,ZERO,SI0268,2020-04-01,,0,,,,,,,,,,,,,,,,,,,
SI0269-ZERO,ZERO,SI0269,2020-04-01,,0,,,,,,,,,,,,,,,,,,,
SI0270-ZERO,ZERO,SI0270,2020-04-01,,0,,,,,,,,,,,,,,,,,,,
SI0271-ZERO,ZERO,SI0271,2020-04-01,,0,,,,,,,,,,,,,,,,,,,
SI0272-ZERO,ZERO,SI0272,2020-04-01,,0,,,,,,,,,,,,,,,,,,,
SI0273-ZERO,ZERO,SI0273,2020-04-01,,0,,,,,,,,,,,,,,,,,,,
SI0274-ZERO,ZERO,SI0274,2020-04-01,,0,,,,,,,,,,,,,,,,,,,
SI0275-ZERO,ZERO,SI0275,2020-04-01,,0,,,,,,,,,,,,,,,,,,,
SI0276-ZERO,ZERO,SI0276,2020-04-01,,0,,,,,,,,,,,,,,,,,,,
SI0277-ZERO,ZERO,SI0277,2020-04-01,,0,,,,,,,,,,,,,,,,,,,
SI0278-ZERO,ZERO,SI0278,2020-04-01,,0,,,,,,,,,,,,,,,,,,,
SI0279-ZERO,ZERO,SI0279,2020-04-01,,0,,,,,,,,,,,,,,,,,,,
SI0280-ZERO,ZERO,SI0280,2020-04-01,,0,,,,,,,,,,,,,,,,,,,
SI0281-ZERO,ZERO,SI0281,2020-04-01,,0,,,,,,,,,,,,,,,,,,,
SI0282-ZERO,ZERO,SI0282,2020-04-01,,0,,,,,,,,,,,,,,,,,,,
SI0283-ZERO,ZERO,SI0283,2020-04-01,,0,,,,,,,,,,,,,,,,,,,
SI0284-ZERO,ZERO,SI0284,2020-04-01,,0,,,,,,,,,,,,,,,,,,,
SI0285-ZERO,ZERO,SI0285,2020-04-01,,0,,,,,,,,,,,,,,,,,,,
SI0286-ZERO,ZERO,SI0286,2020-04-01,,0,,,,,,,,,,,,,,,,,,,
SI0287-ZERO,ZERO,SI0287,2020-04-01,,0,,,,,,,,,,,,,,,,,,,
SI0288-ZERO,ZERO,SI0288,2020-04-01,,0,,,,,,,,,,,,,,,,,,,
SI0289-ZERO,ZERO,SI0289,2020-04-01,,0,,,,,,,,,,,,,,,,,,,
SI0290-ZERO,ZERO,SI0290,2020-04-01,,0,,,,,,,,,,,,,,,,,,,
SI0291-ZERO,ZERO,SI0291,2020-04-01,,0,,,,,,,,,,,,,,,,,,,
SI0292-ZERO,ZERO,SI0292,2020-04-01,,0,,,,,,,,,,,,,,,,,,,
SI0293-ZERO,ZERO,SI0293,2020-04-01,,0,,,,,,,,,,,,,,,,,,,
SI0294-ZERO,ZERO,SI0294,2020-04-01,,0,,,,,,,,,,,,,,,,,,,
SI0295-ZERO,ZERO,SI0295,2020-04-01,,0,,,,,,,,,,,,,,,,,,,
SI0296-ZERO,ZERO,SI0296,2020-04-01,,0,,,,,,,,,,,,,,,,,,,
SI0297-ZERO,ZERO,SI0297,2020-04-01,,0,,,,,,,,,,,,,,,,,,,
SI0298-ZERO,ZERO,SI0298,2020-04-01,,0,,,,,,,,,,,,,,,,,,,
SI0299-ZERO,ZERO,SI0299,2020-04-01,,0,,,,,,,,,,,,,,,,,,,
SI0300-ZERO,ZERO,SI0300,2020-04-01,,0,,,,,,,,,,,,,,,,,,,
SI0301-ZERO,ZERO,SI0301,2020-04-01,,0,,,,,,,,,,,,,,,,,,,
SI0302-ZERO,ZERO,SI0302,2020-04-01,,0,,,,,,,,,,,,,,,,,,,
SI0303-ZERO,ZERO,SI0303,2020-04-01,,0,,,,,,,,,,,,,,,,,,,
SI0304-ZERO,ZERO,SI0304,2020-04-01,,0,,,,,,,,,,,,,,,,,,,
SI0305-ZERO,ZERO,SI0305,2020-04-01,,0,,,,,,,,,,,,,,,,,,,
SI0306-ZERO,ZERO,SI0306,2020-04-01,,0,,,,,,,,,,,,,,,,,,,
SI0307-ZERO,ZERO,SI0307,2020-04-01,,0,,,,,,,,,,,,,,,,,,,
SI0308-ZERO,ZERO,SI0308,2020-04-01,,0,,,,,,,,,,,,,,,,,,,
SI0309-ZERO,ZERO,SI0309,2020-04-01,,0,,,,,,,,,,,,,,,,,,,
SI0310-ZERO,ZERO,SI0310,2020-04-01,,0,,,,,,,,,,,,,,,,,,,
SI0311-ZERO,ZERO,SI0311,2020-04-01,,0,,,,,,,,,,,,,,,,,,,
SI0312-ZERO,ZERO,SI0312,2020-04-01,,0,,,,,,,,,,,,,,,,,,,
SI0313-ZERO,ZERO,SI0313,2020-04-01,,0,,,,,,,,,,,,,,,,,,,
SI0314-ZERO,ZERO,SI0314,2020-04-01,,0,,,,,,,,,,,,,,,,,,,
SI0315-ZERO,ZERO,SI0315,2020-04-01,,0,,,,,,,,,,,,,,,,,,,
SI0316-ZERO,ZERO,SI0316,2020-04-01,,0,,,,,,,,,,,,,,,,,,,
SI0317-ZERO,ZERO,SI0317,2020-04-01,,0,,,,,,,,,,,,,,,,,,,
SI0318-ZERO,ZERO,SI0318,2020-04-01,,0,,,,,,,,,,,,,,,,,,,
SI0319-ZERO,ZERO,SI0319,2020-04-01,,0,,,,,,,,,,,,,,,,,,,
SI0320-ZERO,ZERO,SI0320,2024-04-01,,0,,,,,,,,,,,,,,,,,,,
SI0321-ZERO,ZERO,SI0321,2024-04-01,,0,,,,,,,,,,,,,,,,,,,
SI0322-ZERO,ZERO,SI0322,2024-04-01,,0,,,,,,,,,,,,,,,,,,,
SI0323-ZERO,ZERO,SI0323,2020-04-01,,0,,,,,,,,,,,,,,,,,,,
SI0324-ZERO,ZERO,SI0324,2020-04-01,,0,,,,,,,,,,,,,,,,,,,
SI0325-ZERO,ZERO,SI0325,2020-04-01,,0,,,,,,,,,,,,,,,,,,,
SI0326-ZERO,ZERO,SI0326,2020-04-01,,0,,,,,,,,,,,,,,,,,,,
SI0327-ZERO,ZERO,SI0327,2020-04-01,,0,,,,,,,,,,,,,,,,,,,
SI0328-ZERO,ZERO,SI0328,2020-04-01,,0,,,,,,,,,,,,,,,,,,,
SI0329-ZERO,ZERO,SI0329,2020-04-01,,0,,,,,,,,,,,,,,,,,,,
SI0330-ZERO,ZERO,SI0330,2020-04-01,,0,,,,,,,,,,,,,,,,,,,
SI0331-ZERO,ZERO,SI0331,2020-04-01,,0,,,,,,,,,,,,,,,,,,,
SI0332-ZERO,ZERO,SI0332,2020-04-01,,0,,,,,,,,,,,,,,,,,,,
SI0333-ZERO,ZERO,SI0333,2020-04-01,,0,,,,,,,,,,,,,,,,,,,
SI0334-ZERO,ZERO,SI0334,2020-04-01,,0,,,,,,,,,,,,,,,,,,,
SI0335-ZERO,ZERO,SI0335,2020-04-01,,0,,,,,,,,,,,,,,,,,,,
SI0336-ZERO,ZERO,SI0336,2020-04-01,,0,,,,,,,,,,,,,,,,,,,
SI0337-ZERO,ZERO,SI0337,2020-04-01,,0,,,,,,,,,,,,,,,,,,,
SI0338-ZERO,ZERO,SI0338,2020-04-01,,0,,,,,,,,,,,,,,,,,,,
SI0339-ZERO,ZERO,SI0339,2020-04-01,,0,,,,,,,,,,,,,,,,,,,
SI0340-ZERO,ZERO,SI0340,2020-04-01,,0,,,,,,,,,,,,,,,,,,,
SI0341-ZERO,ZERO,SI0341,2020-04-01,,0,,,,,,,,,,,,,,,,,,,
SI0342-ZERO,ZERO,SI0342,2020-04-01,,0,,,,,,,,,,,,,,,,,,,
SI0343-ZERO,ZERO,SI0343,2020-04-01,,0,,,,,,,,,,,,,,,,,,,
SI0344-ZERO,ZERO,SI0344,2020-04-01,,0,,,,,,,,,,,,,,,,,,,
SI0345-ZERO,ZERO,SI0345,2020-04-01,,0,,,,,,,,,,,,,,,,,,,
SI0346-ZERO,ZERO,SI0346,2020-04-01,,0,,,,,,,,,,,,,,,,,,,
SI0347-ZERO,ZERO,SI0347,2020-04-01,,0,,,,,,,,,,,,,,,,,,,
SI0348-ZERO,ZERO,SI0348,2020-04-01,,0,,,,,,,,,,,,,,,,,,,
SI0349-ZERO,ZERO,SI0349,2020-04-01,,0,,,,,,,,,,,,,,,,,,,
SI0350-ZERO,ZERO,SI0350,2020-04-01,,0,,,,,,,,,,,,,,,,,,,
SI0351-ZERO,ZERO,SI0351,2024-04-01,,0,,,,,,,,,,,,,,,,,,,
SI0352-ZERO,ZERO,SI0352,2024-04-01,,0,,,,,,,,,,,,,,,,,,,
SI0353-ZERO,ZERO,SI0353,2024-04-01,,0,,,,,,,,,,,,,,,,,,,
SI0354-ZERO,ZERO,SI0354,2024-04-01,,0,,,,,,,,,,,,,,,,,,,
SI0355-ZERO,ZERO,SI0355,2024-04-01,,0,,,,,,,,,,,,,,,,,,,
SI0356-ZERO,ZERO,SI0356,2024-04-01,,0,,,,,,,,,,,,,,,,,,,
SI0357-ZERO,ZERO,SI0357,2024-04-01,,0,,,,,,,,,,,,,,,,,,,
SI0358-ZERO,ZERO,SI0358,2024-04-01,,0,,,,,,,,,,,,,,,,,,,
SI0359-ZERO,ZERO,SI0359,2024-04-01,,0,,,,,,,,,,,,,,,,,,,
SI0360-ZERO,ZERO,SI0360,2024-04-01,,0,,,,,,,,,,,,,,,,,,,
SI0361-ZERO,ZERO,SI0361,2024-04-01,,0,,,,,,,,,,,,,,,,,,,
SI0362-ZERO,ZERO,SI0362,2024-04-01,,0,,,,,,,,,,,,,,,,,,,
SI0363-ZERO,ZERO,SI0363,2020-04-01,,0,,,,,,,,,,,,,,,,,,,
SI0364-ZERO,ZERO,SI0364,2020-04-01,,0,,,,,,,,,,,,,,,,,,,
SI0365-ZERO,ZERO,SI0365,2020-04-01,,0,,,,,,,,,,,,,,,,,,,
SI0366-ZERO,ZERO,SI0366,2020-04-01,,0,,,,,,,,,,,,,,,,,,,
SI0367-ZERO,ZERO,SI0367,2020-04-01,,0,,,,,,,,,,,,,,,,,,,
SI0368-ZERO,ZERO,SI0368,2020-04-01,,0,,,,,,,,,,,,,,,,,,,
SI0369-ZERO,ZERO,SI0369,2020-04-01,,0,,,,,,,,,,,,,,,,,,,
SI0370-ZERO,ZERO,SI0370,2020-04-01,,0,,,,,,,,,,,,,,,,,,,
SI0371-ZERO,ZERO,SI0371,2020-04-01,,0,,,,,,,,,,,,,,,,,,,
SI0372-ZERO,ZERO,SI0372,2020-04-01,,0,,,,,,,,,,,,,,,,,,,
SI0373-ZERO,ZERO,SI0373,2020-04-01,,0,,,,,,,,,,,,,,,,,,,
SI0374-ZERO,ZERO,SI0374,2020-04-01,,0,,,,,,,,,,,,,,,,,,,
SI0375-ZERO,ZERO,SI0375,2020-04-01,,0,,,,,,,,,,,,,,,,,,,
SI0376-ZERO,ZERO,SI0376,2020-04-01,,0,,,,,,,,,,,,,,,,,,,
SI0377-ZERO,ZERO,SI0377,2020-04-01,,0,,,,,,,,,,,,,,,,,,,
SI0378-ZERO,ZERO,SI0378,2020-04-01,,0,,,,,,,,,,,,,,,,,,,
SI0379-ZERO,ZERO,SI0379,2020-04-01,,0,,,,,,,,,,,,,,,,,,,
SI0380-ZERO,ZERO,SI0380,2020-04-01,,0,,,,,,,,,,,,,,,,,,,
SI0381-ZERO,ZERO,SI0381,2020-04-01,,0,,,,,,,,,,,,,,,,,,,
SI0382-ZERO,ZERO,SI0382,2020-04-01,,0,,,,,,,,,,,,,,,,,,,
SI0178-STD,STD,SI0178,2020-04-01,,20,,,,,,,,,,,,,,,,,,,
SI0179-STD,STD,SI0179,2020-04-01,,20,,,,,,,,,,,,,,,,,,,
SI0180-STD,STD,SI0180,2020-04-01,,20,,,,,,,,,,,,,,,,,,,
SI0181-STD,STD,SI0181,2020-04-01,,20,,,,,,,,,,,,,,,,,,,
SI0182-STD,STD,SI0182,2020-04-01,,20,,,,,,,,,,,,,,,,,,,
SI0183-STD,STD,SI0183,2020-04-01,,20,,,,,,,,,,,,,,,,,,,
SI0184-STD,STD,SI0184,2020-04-01,,20,,,,,,,,,,,,,,,,,,,
SI0185-STD,STD,SI0185,2020-04-01,,20,,,,,,,,,,,,,,,,,,,
SI0186-STD,STD,SI0186,2020-04-01,,20,,,,,,,,,,,,,,,,,,,
SI0187-STD,STD,SI0187,2020-04-01,,20,,,,,,,,,,,,,,,,,,,
SI0188-STD,STD,SI0188,2020-04-01,,20,,,,,,,,,,,,,,,,,,,
SI0189-STD,STD,SI0189,2020-04-01,,20,,,,,,,,,,,,,,,,,,,
SI0190-STD,STD,SI0190,2020-04-01,,20,,,,,,,,,,,,,,,,,,,
SI0191-STD,STD,SI0191,2020-04-01,,20,,,,,,,,,,,,,,,,,,,
SI0192-STD,STD,SI0192,2020-04-01,,20,,,,,,,,,,,,,,,,,,,
SI0193-STD,STD,SI0193,2020-04-01,,20,,,,,,,,,,,,,,,,,,,
SI0194-STD,STD,SI0194,2020-04-01,,20,,,,,,,,,,,,,,,,,,,
SI0195-STD,STD,SI0195,2020-04-01,,20,,,,,,,,,,,,,,,,,,,
SI0196-STD,STD,SI0196,2020-04-01,,20,,,,,,,,,,,,,,,,,,,
SI0197-STD,STD,SI0197,2020-04-01,,20,,,,,,,,,,,,,,,,,,,
SI0198-STD,STD,SI0198,2020-04-01,,20,,,,,,,,,,,,,,,,,,,
SI0199-STD,STD,SI0199,2020-04-01,,20,,,,,,,,,,,,,,,,,,,
SI0200-STD,STD,SI0200,2020-04-01,,20,,,,,,,,,,,,,,,,,,,
SI0201-STD,STD,SI0201,2020-04-01,,20,,,,,,,,,,,,,,,,,,,
SI0202-STD,STD,SI0202,2020-04-01,,20,,,,,,,,,,,,,,,,,,,
SI0203-STD,STD,SI0203,2020-04-01,,20,,,,,,,,,,,,,,,,,,,
SI0204-STD,STD,SI0204,2020-04-01,,20,,,,,,,,,,,,,,,,,,,
SI0205-STD,STD,SI0205,2020-04-01,,20,,,,,,,,,,,,,,,,,,,
SI0206-STD,STD,SI0206,2020-04-01,,20,,,,,,,,,,,,,,,,,,,
SI0207-STD,STD,SI0207,2020-04-01,,20,,,,,,,,,,,,,,,,,,,
SI0208-STD,STD,SI0208,2020-04-01,,20,,,,,,,,,,,,,,,,,,,
SI0209-STD,STD,SI0209,2020-04-01,,20,,,,,,,,,,,,,,,,,,,
SI0210-STD,STD,SI0210,2020-04-01,,20,,,,,,,,,,,,,,,,,,,
SI0211-STD,STD,SI0211,2020-04-01,,20,,,,,,,,,,,,,,,,,,,
SI0212-STD,STD,SI0212,2020-04-01,,20,,,,,,,,,,,,,,,,,,,
SI0213-STD,STD,SI0213,2020-04-01,,20,,,,,,,,,,,,,,,,,,,
SI0214-STD,STD,SI0214,2020-04-01,,20,,,,,,,,,,,,,,,,,,,
SI0215-STD,STD,SI0215,2020-04-01,,20,,,,,,,,,,,,,,,,,,,
SI0216-STD,STD,SI0216,2020-04-01,,20,,,,,,,,,,,,,,,,,,,
SI0217-STD,STD,SI0217,2020-04-01,,20,,,,,,,,,,,,,,,,,,,
SI0218-STD,STD,SI0218,2020-04-01,,20,,,,,,,,,,,,,,,,,,,
SI0219-STD,STD,SI0219,2020-04-01,,20,,,,,,,,,,,,,,,,,,,
SI0220-STD,STD,SI0220,2020-04-01,,20,,,,,,,,,,,,,,,,,,,
SI0221-STD,STD,SI0221,2020-04-01,,20,,,,,,,,,,,,,,,,,,,
SI0222-STD,STD,SI0222,2020-04-01,,20,,,,,,,,,,,,,,,,,,,
SI0223-STD,STD,SI0223,2020-04-01,,20,,,,,,,,,,,,,,,,,,,
SI0224-STD,STD,SI0224,2020-04-01,,20,,,,,,,,,,,,,,,,,,,
SI0225-STD,STD,SI0225,2020-04-01,,20,,,,,,,,,,,,,,,,,,,
SI0226-STD,STD,SI0226,2020-04-01,,20,,,,,,,,,,,,,,,,,,,
SI0227-STD,STD,SI0227,2020-04-01,,20,,,,,,,,,,,,,,,,,,,
SI0228-STD,STD,SI0228,2020-04-01,,20,,,,,,,,,,,,,,,,,,,
SI0229-STD,STD,SI0229,2020-04-01,,20,,,,,,,,,,,,,,,,,,,
SI0230-STD,STD,SI0230,2020-04-01,,20,,,,,,,,,,,,,,,,,,,
SI0231-STD,STD,SI0231,2020-04-01,,20,,,,,,,,,,,,,,,,,,,
SI0232-STD,STD,SI0232,2020-04-01,,20,,,,,,,,,,,,,,,,,,,
SI0233-STD,STD,SI0233,2020-04-01,,20,,,,,,,,,,,,,,,,,,,
SI0234-STD,STD,SI0234,2020-04-01,,20,,,,,,,,,,,,,,,,,,,
SI0235-STD,STD,SI0235,2020-04-01,,20,,,,,,,,,,,,,,,,,,,
SI0236-STD,STD,SI0236,2020-04-01,,20,,,,,,,,,,,,,,,,,,,
SI0237-STD,STD,SI0237,2020-04-01,,20,,,,,,,,,,,,,,,,,,,
SI0238-STD,STD,SI0238,2020-04-01,,20,,,,,,,,,,,,,,,,,,,
SI0239-STD,STD,SI0239,2020-04-01,,20,,,,,,,,,,,,,,,,,,,
SI0240-STD,STD,SI0240,2020-04-01,,20,,,,,,,,,,,,,,,,,,,
SI0241-STD,STD,SI0241,2020-04-01,,20,,,,,,,,,,,,,,,,,,,
SI0242-STD,STD,SI0242,2020-04-01,,20,,,,,,,,,,,,,,,,,,,
SI0243-STD,STD,SI0243,2020-04-01,,20,,,,,,,,,,,,,,,,,,,
SI0257-STD,STD,SI0257,2022-04-01,,20,,,,,,,,,,,,,,,,,,,
SI0258-STD,STD,SI0258,2022-04-01,,20,,,,,,,,,,,,,,,,,,,
SI0259-STD,STD,SI0259,2022-04-01,,20,,,,,,,,,,,,,,,,,,,
SI0260-STD,STD,SI0260,2022-04-01,,20,,,,,,,,,,,,,,,,,,,
SI0261-STD,STD,SI0261,2022-04-01,,20,,,,,,,,,,,,,,,,,,,
SI0262-STD,STD,SI0262,2022-04-01,,20,,,,,,,,,,,,,,,,,,,
SI0263-STD,STD,SI0263,2022-04-01,,20,,,,,,,,,,,,,,,,,,,
SI0264-STD,STD,SI0264,2022-04-01,,20,,,,,,,,,,,,,,,,,,,
SI0265-STD,STD,SI0265,2022-04-01,,20,,,,,,,,,,,,,,,,,,,
SI0266-STD,STD,SI0266,2022-04-01,,20,,,,,,,,,,,,,,,,,,,
SI0267-STD,STD,SI0267,2022-04-01,,20,,,,,,,,,,,,,,,,,,,
SI0561-ZERO,ZERO,SI0561,2021-04-01,,0,,,,,,,,,,,,,,,,,,,
SI0562-ZERO,ZERO,SI0562,2021-04-01,,0,,,,,,,,,,,,,,,,,,,
SI0563-ZERO,ZERO,SI0563,2021-04-01,,0,,,,,,,,,,,,,,,,,,,
SI0564-ZERO,ZERO,SI0564,2021-04-01,,0,,,,,,,,,,,,,,,,,,,
SI0565-ZERO,ZERO,SI0565,2021-04-01,,0,,,,,,,,,,,,,,,,,,,
SI0566-ZERO,ZERO,SI0566,2021-04-01,,0,,,,,,,,,,,,,,,,,,,
SI0567-ZERO,ZERO,SI0567,2021-04-01,,0,,,,,,,,,,,,,,,,,,,
SI0568-ZERO,ZERO,SI0568,2021-04-01,,0,,,,,,,,,,,,,,,,,,,
SI0569-ZERO,ZERO,SI0569,2021-04-01,,0,,,,,,,,,,,,,,,,,,,
SI0570-ZERO,ZERO,SI0570,2021-04-01,,0,,,,,,,,,,,,,,,,,,,
SI0571-ZERO,ZERO,SI0571,2021-04-01,,0,,,,,,,,,,,,,,,,,,,
SI0572-ZERO,ZERO,SI0572,2021-04-01,,0,,,,,,,,,,,,,,,,,,,
SI0573-ZERO,ZERO,SI0573,2021-04-01,,0,,,,,,,,,,,,,,,,,,,
SI0574-ZERO,ZERO,SI0574,2021-04-01,,0,,,,,,,,,,,,,,,,,,,
SI0575-ZERO,ZERO,SI0575,2021-04-01,,0,,,,,,,,,,,,,,,,,,,
SI0576-ZERO,ZERO,SI0576,2021-04-01,,0,,,,,,,,,,,,,,,,,,,
SI0577-ZERO,ZERO,SI0577,2021-04-01,,0,,,,,,,,,,,,,,,,,,,
SI0578-ZERO,ZERO,SI0578,2021-04-01,,0,,,,,,,,,,,,,,,,,,,
SI0579-ZERO,ZERO,SI0579,2021-04-01,,0,,,,,,,,,,,,,,,,,,,
SI0580-ZERO,ZERO,SI0580,2021-04-01,,0,,,,,,,,,,,,,,,,,,,
SI0581-ZERO,ZERO,SI0581,2021-04-01,,0,,,,,,,,,,,,,,,,,,,
SI0582-ZERO,ZERO,SI0582,2021-04-01,,0,,,,,,,,,,,,,,,,,,,
SI0583-ZERO,ZERO,SI0583,2021-04-01,,0,,,,,,,,,,,,,,,,,,,
SI0584-ZERO,ZERO,SI0584,2021-04-01,,0,,,,,,,,,,,,,,,,,,,
SI0585-ZERO,ZERO,SI0585,2021-04-01,,0,,,,,,,,,,,,,,,,,,,
SI0586-ZERO,ZERO,SI0586,2021-04-01,,0,,,,,,,,,,,,,,,,,,,
SI0587-ZERO,ZERO,SI0587,2021-04-01,,0,,,,,,,,,,,,,,,,,,,
SI0588-ZERO,ZERO,SI0588,2021-04-01,,0,,,,,,,,,,,,,,,,,,,
SI0589-ZERO,ZERO,SI0589,2021-04-01,,0,,,,,,,,,,,,,,,,,,,
SI0590-ZERO,ZERO,SI0590,2021-04-01,,0,,,,,,,,,,,,,,,,,,,
SI0591-ZERO,ZERO,SI0591,2021-04-01,,0,,,,,,,,,,,,,,,,,,,
SI0592-ZERO,ZERO,SI0592,2021-04-01,,0,,,,,,,,,,,,,,,,,,,
SI0593-ZERO,ZERO,SI0593,2021-04-01,,0,,,,,,,,,,,,,,,,,,,
SI0594-ZERO,ZERO,SI0594,2021-04-01,,0,,,,,,,,,,,,,,,,,,,
SI0595-ZERO,ZERO,SI0595,2021-04-01,,0,,,,,,,,,,,,,,,,,,,
SI0596-ZERO,ZERO,SI0596,2021-04-01,,0,,,,,,,,,,,,,,,,,,,
SI0597-ZERO,ZERO,SI0597,2021-04-01,,0,,,,,,,,,,,,,,,,,,,
SI0598-ZERO,ZERO,SI0598,2021-04-01,,0,,,,,,,,,,,,,,,,,,,
SI0599-ZERO,ZERO,SI0599,2021-04-01,,0,,,,,,,,,,,,,,,,,,,
SI0600-ZERO,ZERO,SI0600,2021-04-01,,0,,,,,,,,,,,,,,,,,,,
SI0563-STD,STD,SI0563,2021-04-01,,20,,,,,,,,,,,,,,,,,,,
SI0564-STD,STD,SI0564,2021-04-01,,20,,,,,,,,,,,,,,,,,,,
SI0565-STD,STD,SI0565,2021-04-01,,20,,,,,,,,,,,,,,,,,,,
SI0566-STD,STD,SI0566,2021-04-01,,20,,,,,,,,,,,,,,,,,,,
SI0569-STD,STD,SI0569,2021-04-01,,20,,,,,,,,,,,,,,,,,,,
SI0570-STD,STD,SI0570,2021-04-01,,20,,,,,,,,,,,,,,,,,,,
SI0571-STD,STD,SI0571,2021-04-01,,20,,,,,,,,,,,,,,,,,,,
SI0572-STD,STD,SI0572,2021-04-01,,20,,,,,,,,,,,,,,,,,,,
SI0574-STD,STD,SI0574,2021-04-01,,20,,,,,,,,,,,,,,,,,,,
SI0576-STD,STD,SI0576,2021-04-01,,20,,,,,,,,,,,,,,,,,,,
SI0578-STD,STD,SI0578,2021-04-01,,20,,,,,,,,,,,,,,,,,,,
SI0580-STD,STD,SI0580,2021-04-01,,20,,,,,,,,,,,,,,,,,,,
SI0583-STD,STD,SI0583,2021-04-01,,20,,,,,,,,,,,,,,,,,,,
SI0584-STD,STD,SI0584,2021-04-01,,20,,,,,,,,,,,,,,,,,,,
SI0585-STD,STD,SI0585,2021-04-01,,20,,,,,,,,,,,,,,,,,,,
SI0586-STD,STD,SI0586,2021-04-01,,20,,,,,,,,,,,,,,,,,,,
SI0589-STD,STD,SI0589,2021-04-01,,20,,,,,,,,,,,,,,,,,,,
SI0590-STD,STD,SI0590,2021-04-01,,20,,,,,,,,,,,,,,,,,,,
SI0591-STD,STD,SI0591,2021-04-01,,20,,,,,,,,,,,,,,,,,,,
SI0592-STD,STD,SI0592,2021-04-01,,20,,,,,,,,,,,,,,,,,,,
SI0595-STD,STD,SI0595,2021-04-01,,20,,,,,,,,,,,,,,,,,,,
SI0596-STD,STD,SI0596,2021-04-01,,20,,,,,,,,,,,,,,,,,,,
SI0599-STD,STD,SI0599,2021-04-01,,20,,,,,,,,,,,,,,,,,,,
SI0600-STD,STD,SI0600,2021-04-01,,20,,,,,,,,,,,,,,,,,,,
SI0601-ZERO,ZERO,SI0601,2017-04-01,2025-10-01,0,,,,,,,,,,,,,,,,,,,
SI0602-ZERO,ZERO,SI0602,2017-04-01,2025-10-01,0,,,,,,,,,,,,,,,,,,,
SI0603-ZERO,ZERO,SI0603,2017-04-01,2025-10-01,0,,,,,,,,,,,,,,,,,,,
SI0604-ZERO,ZERO,SI0604,2017-04-01,2025-10-01,0,,,,,,,,,,,,,,,,,,,
SI0605-ZERO,ZERO,SI0605,2017-04-01,2025-10-01,0,,,,,,,,,,,,,,,,,,,
SI0606-ZERO,ZERO,SI0606,2017-04-01,2025-10-01,0,,,,,,,,,,,,,,,,,,,
SI0607-ZERO,ZERO,SI0607,2017-04-01,2025-10-01,0,,,,,,,,,,,,,,,,,,,
SI0608-ZERO,ZERO,SI0608,2017-04-01,2025-10-01,0,,,,,,,,,,,,,,,,,,,
SI0609-ZERO,ZERO,SI0609,2017-04-01,2025-10-01,0,,,,,,,,,,,,,,,,,,,
SI0610-ZERO,ZERO,SI0610,2017-04-01,2025-10-01,0,,,,,,,,,,,,,,,,,,,
SI0611-ZERO,ZERO,SI0611,2017-04-01,2025-10-01,0,,,,,,,,,,,,,,,,,,,
SI0612-ZERO,ZERO,SI0612,2017-04-01,2025-10-01,0,,,,,,,,,,,,,,,,,,,
SI0613-ZERO,ZERO,SI0613,2017-04-01,2025-10-01,0,,,,,,,,,,,,,,,,,,,
SI0614-ZERO,ZERO,SI0614,2017-04-01,2025-10-01,0,,,,,,,,,,,,,,,,,,,
SI0615-ZERO,ZERO,SI0615,2017-04-01,2025-10-01,0,,,,,,,,,,,,,,,,,,,
SI0616-ZERO,ZERO,SI0616,2017-04-01,2025-10-01,0,,,,,,,,,,,,,,,,,,,
SI0617-ZERO,ZERO,SI0617,2017-04-01,2025-10-01,0,,,,,,,,,,,,,,,,,,,
SI0618-ZERO,ZERO,SI0618,2017-04-01,2025-10-01,0,,,,,,,,,,,,,,,,,,,
SI0619-ZERO,ZERO,SI0619,2017-04-01,2025-10-01,0,,,,,,,,,,,,,,,,,,,
SI0620-ZERO,ZERO,SI0620,2017-04-01,2025-10-01,0,,,,,,,,,,,,,,,,,,,
SI0621-ZERO,ZERO,SI0621,2017-04-01,2025-10-01,0,,,,,,,,,,,,,,,,,,,
SI0622-ZERO,ZERO,SI0622,2017-04-01,2025-10-01,0,,,,,,,,,,,,,,,,,,,
SI0623-ZERO,ZERO,SI0623,2017-04-01,2025-10-01,0,,,,,,,,,,,,,,,,,,,
SI0624-ZERO,ZERO,SI0624,2017-04-01,2025-10-01,0,,,,,,,,,,,,,,,,,,,
SI0625-ZERO,ZERO,SI0625,2017-04-01,2025-10-01,0,,,,,,,,,,,,,,,,,,,
SI0626-ZERO,ZERO,SI0626,2017-04-01,2025-10-01,0,,,,,,,,,,,,,,,,,,,
SI0627-ZERO,ZERO,SI0627,2017-04-01,2025-10-01,0,,,,,,,,,,,,,,,,,,,
SI0628-ZERO,ZERO,SI0628,2017-04-01,2025-10-01,0,,,,,,,,,,,,,,,,,,,
SI0629-ZERO,ZERO,SI0629,2017-04-01,2025-10-01,0,,,,,,,,,,,,,,,,,,,
SI0630-ZERO,ZERO,SI0630,2017-04-01,2025-10-01,0,,,,,,,,,,,,,,,,,,,
SI0631-ZERO,ZERO,SI0631,2017-04-01,2025-10-01,0,,,,,,,,,,,,,,,,,,,
SI0632-ZERO,ZERO,SI0632,2017-04-01,2025-10-01,0,,,,,,,,,,,,,,,,,,,
SI0633-ZERO,ZERO,SI0633,2017-04-01,2025-10-01,0,,,,,,,,,,,,,,,,,,,
SI0634-ZERO,ZERO,SI0634,2017-04-01,2025-10-01,0,,,,,,,,,,,,,,,,,,,
SI0635-ZERO,ZERO,SI0635,2017-04-01,2025-10-01,0,,,,,,,,,,,,,,,,,,,
SI0636-ZERO,ZERO,SI0636,2017-04-01,2025-10-01,0,,,,,,,,,,,,,,,,,,,
SI0637-ZERO,ZERO,SI0637,2017-04-01,2025-10-01,0,,,,,,,,,,,,,,,,,,,
SI0638-ZERO,ZERO,SI0638,2017-04-01,2025-10-01,0,,,,,,,,,,,,,,,,,,,
SI0639-ZERO,ZERO,SI0639,2017-04-01,2025-10-01,0,,,,,,,,,,,,,,,,,,,
SI0640-ZERO,ZERO,SI0640,2017-04-01,2025-10-01,0,,,,,,,,,,,,,,,,,,,
SI0641-ZERO,ZERO,SI0641,2017-04-01,2025-10-01,0,,,,,,,,,,,,,,,,,,,
SI0642-ZERO,ZERO,SI0642,2017-04-01,2025-10-01,0,,,,,,,,,,,,,,,,,,,
SI0643-ZERO,ZERO,SI0643,2017-04-01,2025-10-01,0,,,,,,,,,,,,,,,,,,,
SI0644-ZERO,ZERO,SI0644,2017-04-01,2025-10-01,0,,,,,,,,,,,,,,,,,,,
SI0645-ZERO,ZERO,SI0645,2017-04-01,2025-10-01,0,,,,,,,,,,,,,,,,,,,
SI0646-ZERO,ZERO,SI0646,2017-04-01,2025-10-01,0,,,,,,,,,,,,,,,,,,,
SI0647-ZERO,ZERO,SI0647,2017-04-01,2025-10-01,0,,,,,,,,,,,,,,,,,,,
SI0648-ZERO,ZERO,SI0648,2017-04-01,2025-10-01,0,,,,,,,,,,,,,,,,,,,
SI0649-ZERO,ZERO,SI0649,2017-04-01,2025-10-01,0,,,,,,,,,,,,,,,,,,,
SI0650-ZERO,ZERO,SI0650,2017-04-01,2025-10-01,0,,,,,,,,,,,,,,,,,,,
SI0651-ZERO,ZERO,SI0651,2017-04-01,2025-10-01,0,,,,,,,,,,,,,,,,,,,
SI0652-ZERO,ZERO,SI0652,2017-04-01,2025-10-01,0,,,,,,,,,,,,,,,,,,,
SI0653-ZERO,ZERO,SI0653,2017-04-01,2025-10-01,0,,,,,,,,,,,,,,,,,,,
SI0654-ZERO,ZERO,SI0654,2017-04-01,2025-10-01,0,,,,,,,,,,,,,,,,,,,
SI0655-ZERO,ZERO,SI0655,2017-04-01,2025-10-01,0,,,,,,,,,,,,,,,,,,,
SI0656-ZERO,ZERO,SI0656,2017-04-01,2025-10-01,0,,,,,,,,,,,,,,,,,,,
SI0657-ZERO,ZERO,SI0657,2017-04-01,2025-10-01,0,,,,,,,,,,,,,,,,,,,
SI0658-ZERO,ZERO,SI0658,2017-04-01,2025-10-01,0,,,,,,,,,,,,,,,,,,,
SI0659-ZERO,ZERO,SI0659,2017-04-01,2025-10-01,0,,,,,,,,,,,,,,,,,,,
SI0660-ZERO,ZERO,SI0660,2017-04-01,2025-10-01,0,,,,,,,,,,,,,,,,,,,
SI0661-ZERO,ZERO,SI0661,2017-04-01,2025-10-01,0,,,,,,,,,,,,,,,,,,,
SI0662-ZERO,ZERO,SI0662,2017-04-01,2025-10-01,0,,,,,,,,,,,,,,,,,,,
SI0663-ZERO,ZERO,SI0663,2017-04-01,2025-10-01,0,,,,,,,,,,,,,,,,,,,
SI0664-ZERO,ZERO,SI0664,2017-04-01,2025-10-01,0,,,,,,,,,,,,,,,,,,,
SI0665-ZERO,ZERO,SI0665,2017-04-01,2025-10-01,0,,,,,,,,,,,,,,,,,,,
SI0666-ZERO,ZERO,SI0666,2017-04-01,2025-10-01,0,,,,,,,,,,,,,,,,,,,
SI0667-ZERO,ZERO,SI0667,2017-04-01,2025-10-01,0,,,,,,,,,,,,,,,,,,,
SI0668-ZERO,ZERO,SI0668,2017-04-01,2025-10-01,0,,,,,,,,,,,,,,,,,,,
SI0669-ZERO,ZERO,SI0669,2017-04-01,2025-10-01,0,,,,,,,,,,,,,,,,,,,
SI0670-ZERO,ZERO,SI0670,2017-04-01,2025-10-01,0,,,,,,,,,,,,,,,,,,,
SI0671-ZERO,ZERO,SI0671,2017-04-01,2025-10-01,0,,,,,,,,,,,,,,,,,,,
SI0672-ZERO,ZERO,SI0672,2017-04-01,2025-10-01,0,,,,,,,,,,,,,,,,,,,
SI0673-ZERO,ZERO,SI0673,2017-04-01,2025-10-01,0,,,,,,,,,,,,,,,,,,,
SI0674-ZERO,ZERO,SI0674,2017-04-01,2025-10-01,0,,,,,,,,,,,,,,,,,,,
SI0675-ZERO,ZERO,SI0675,2017-04-01,2025-10-01,0,,,,,,,,,,,,,,,,,,,
SI0676-ZERO,ZERO,SI0676,2017-04-01,2025-10-01,0,,,,,,,,,,,,,,,,,,,
SI0677-ZERO,ZERO,SI0677,2017-04-01,2025-10-01,0,,,,,,,,,,,,,,,,,,,
SI0678-ZERO,ZERO,SI0678,2017-04-01,2025-10-01,0,,,,,,,,,,,,,,,,,,,
SI0679-ZERO,ZERO,SI0679,2017-04-01,2025-10-01,0,,,,,,,,,,,,,,,,,,,
SI0680-ZERO,ZERO,SI0680,2017-04-01,2025-10-01,0,,,,,,,,,,,,,,,,,,,
SI0681-ZERO,ZERO,SI0681,2017-04-01,2025-10-01,0,,,,,,,,,,,,,,,,,,,
SI0682-ZERO,ZERO,SI0682,2017-04-01,2025-10-01,0,,,,,,,,,,,,,,,,,,,
SI0683-ZERO,ZERO,SI0683,2017-04-01,2025-10-01,0,,,,,,,,,,,,,,,,,,,
SI0684-ZERO,ZERO,SI0684,2017-04-01,2025-10-01,0,,,,,,,,,,,,,,,,,,,
SI0685-ZERO,ZERO,SI0685,2017-04-01,2025-10-01,0,,,,,,,,,,,,,,,,,,,
SI0686-ZERO,ZERO,SI0686,2017-04-01,2025-10-01,0,,,,,,,,,,,,,,,,,,,
SI0687-ZERO,ZERO,SI0687,2017-04-01,2025-10-01,0,,,,,,,,,,,,,,,,,,,
SI0688-ZERO,ZERO,SI0688,2017-04-01,2025-10-01,0,,,,,,,,,,,,,,,,,,,
SI0689-ZERO,ZERO,SI0689,2017-04-01,2025-10-01,0,,,,,,,,,,,,,,,,,,,
SI0690-ZERO,ZERO,SI0690,2017-04-01,2025-10-01,0,,,,,,,,,,,,,,,,,,,
SI0691-ZERO,ZERO,SI0691,2017-04-01,2025-10-01,0,,,,,,,,,,,,,,,,,,,
SI0692-ZERO,ZERO,SI0692,2017-04-01,2025-10-01,0,,,,,,,,,,,,,,,,,,,
SI0693-ZERO,ZERO,SI0693,2017-04-01,2025-10-01,0,,,,,,,,,,,,,,,,,,,
SI0694-ZERO,ZERO,SI0694,2017-04-01,2025-10-01,0,,,,,,,,,,,,,,,,,,,
SI0695-ZERO,ZERO,SI0695,2017-04-01,2025-10-01,0,,,,,,,,,,,,,,,,,,,
SI0696-ZERO,ZERO,SI0696,2017-04-01,2025-10-01,0,,,,,,,,,,,,,,,,,,,
SI0697-ZERO,ZERO,SI0697,2017-04-01,2025-10-01,0,,,,,,,,,,,,,,,,,,,
SI0698-ZERO,ZERO,SI0698,2017-04-01,2025-10-01,0,,,,,,,,,,,,,,,,,,,
SI0699-ZERO,ZERO,SI0699,2017-04-01,2025-10-01,0,,,,,,,,,,,,,,,,,,,
SI0700-ZERO,ZERO,SI0700,2017-04-01,2025-10-01,0,,,,,,,,,,,,,,,,,,,
SI0701-ZERO,ZERO,SI0701,2017-04-01,2025-10-01,0,,,,,,,,,,,,,,,,,,,
SI0702-ZERO,ZERO,SI0702,2017-04-01,2025-10-01,0,,,,,,,,,,,,,,,,,,,
SI0703-ZERO,ZERO,SI0703,2017-04-01,2025-10-01,0,,,,,,,,,,,,,,,,,,,
SI0704-ZERO,ZERO,SI0704,2017-04-01,2025-10-01,0,,,,,,,,,,,,,,,,,,,
SI0705-ZERO,ZERO,SI0705,2017-04-01,2025-10-01,0,,,,,,,,,,,,,,,,,,,
SI0706-ZERO,ZERO,SI0706,2017-04-01,2025-10-01,0,,,,,,,,,,,,,,,,,,,
SI0707-ZERO,ZERO,SI0707,2017-04-01,2025-10-01,0,,,,,,,,,,,,,,,,,,,
SI0708-ZERO,ZERO,SI0708,2017-04-01,2025-10-01,0,,,,,,,,,,,,,,,,,,,
SI0709-ZERO,ZERO,SI0709,2017-04-01,2025-10-01,0,,,,,,,,,,,,,,,,,,,
SI0710-ZERO,ZERO,SI0710,2017-04-01,2025-10-01,0,,,,,,,,,,,,,,,,,,,
SI0711-ZERO,ZERO,SI0711,2017-04-01,2025-10-01,0,,,,,,,,,,,,,,,,,,,
SI0712-ZERO,ZERO,SI0712,2017-04-01,2025-10-01,0,,,,,,,,,,,,,,,,,,,
SI0713-ZERO,ZERO,SI0713,2017-04-01,2025-10-01,0,,,,,,,,,,,,,,,,,,,
SI0714-ZERO,ZERO,SI0714,2017-04-01,2025-10-01,0,,,,,,,,,,,,,,,,,,,
SI0715-ZERO,ZERO,SI0715,2017-04-01,2025-10-01,0,,,,,,,,,,,,,,,,,,,
SI0716-ZERO,ZERO,SI0716,2017-04-01,2025-10-01,0,,,,,,,,,,,,,,,,,,,
SI0717-ZERO,ZERO,SI0717,2017-04-01,2025-10-01,0,,,,,,,,,,,,,,,,,,,
SI0718-ZERO,ZERO,SI0718,2017-04-01,2025-10-01,0,,,,,,,,,,,,,,,,,,,
SI0719-ZERO,ZERO,SI0719,2017-04-01,2025-10-01,0,,,,,,,,,,,,,,,,,,,
SI0720-ZERO,ZERO,SI0720,2017-04-01,2025-10-01,0,,,,,,,,,,,,,,,,,,,
SI0721-ZERO,ZERO,SI0721,2017-04-01,2025-10-01,0,,,,,,,,,,,,,,,,,,,
SI0722-ZERO,ZERO,SI0722,2017-04-01,2025-10-01,0,,,,,,,,,,,,,,,,,,,
SI0723-ZERO,ZERO,SI0723,2017-04-01,2025-10-01,0,,,,,,,,,,,,,,,,,,,
SI0724-ZERO,ZERO,SI0724,2017-04-01,2025-10-01,0,,,,,,,,,,,,,,,,,,,
SI0725-ZERO,ZERO,SI0725,2017-04-01,2025-10-01,0,,,,,,,,,,,,,,,,,,,
SI0726-ZERO,ZERO,SI0726,2017-04-01,2025-10-01,0,,,,,,,,,,,,,,,,,,,
SI0727-ZERO,ZERO,SI0727,2017-04-01,2025-10-01,0,,,,,,,,,,,,,,,,,,,
SI0728-ZERO,ZERO,SI0728,2017-04-01,2025-10-01,0,,,,,,,,,,,,,,,,,,,
SI0729-ZERO,ZERO,SI0729,2017-04-01,2025-10-01,0,,,,,,,,,,,,,,,,,,,
SI0730-ZERO,ZERO,SI0730,2017-04-01,2025-10-01,0,,,,,,,,,,,,,,,,,,,
SI0731-ZERO,ZERO,SI0731,2017-04-01,2025-10-01,0,,,,,,,,,,,,,,,,,,,
SI0732-ZERO,ZERO,SI0732,2017-04-01,2025-10-01,0,,,,,,,,,,,,,,,,,,,
SI0733-ZERO,ZERO,SI0733,2017-04-01,2025-10-01,0,,,,,,,,,,,,,,,,,,,
SI0734-ZERO,ZERO,SI0734,2017-04-01,2025-10-01,0,,,,,,,,,,,,,,,,,,,
SI0735-ZERO,ZERO,SI0735,2017-04-01,2025-10-01,0,,,,,,,,,,,,,,,,,,,
SI0736-ZERO,ZERO,SI0736,2017-04-01,2025-10-01,0,,,,,,,,,,,,,,,,,,,
SI0737-ZERO,ZERO,SI0737,2017-04-01,2025-10-01,0,,,,,,,,,,,,,,,,,,,
SI0738-ZERO,ZERO,SI0738,2017-04-01,2025-10-01,0,,,,,,,,,,,,,,,,,,,
SI0739-ZERO,ZERO,SI0739,2017-04-01,2025-10-01,0,,,,,,,,,,,,,,,,,,,
SI0740-ZERO,ZERO,SI0740,2017-04-01,2025-10-01,0,,,,,,,,,,,,,,,,,,,
SI0741-ZERO,ZERO,SI0741,2017-04-01,2025-10-01,0,,,,,,,,,,,,,,,,,,,
SI0742-ZERO,ZERO,SI0742,2017-04-01,2025-10-01,0,,,,,,,,,,,,,,,,,,,
SI0743-ZERO,ZERO,SI0743,2017-04-01,2025-10-01,0,,,,,,,,,,,,,,,,,,,
SI0744-ZERO,ZERO,SI0744,2017-04-01,2025-10-01,0,,,,,,,,,,,,,,,,,,,
SI0745-ZERO,ZERO,SI0745,2017-04-01,2025-10-01,0,,,,,,,,,,,,,,,,,,,
SI0746-ZERO,ZERO,SI0746,2017-04-01,2025-10-01,0,,,,,,,,,,,,,,,,,,,
SI0747-ZERO,ZERO,SI0747,2017-04-01,2025-10-01,0,,,,,,,,,,,,,,,,,,,
SI0748-ZERO,ZERO,SI0748,2017-04-01,2025-10-01,0,,,,,,,,,,,,,,,,,,,
SI0749-ZERO,ZERO,SI0749,2017-04-01,2025-10-01,0,,,,,,,,,,,,,,,,,,,
SI0750-ZERO,ZERO,SI0750,2017-04-01,2025-10-01,0,,,,,,,,,,,,,,,,,,,
SI0751-ZERO,ZERO,SI0751,2017-04-01,2025-10-01,0,,,,,,,,,,,,,,,,,,,
SI0752-ZERO,ZERO,SI0752,2017-04-01,2025-10-01,0,,,,,,,,,,,,,,,,,,,
SI0753-ZERO,ZERO,SI0753,2017-04-01,2025-10-01,0,,,,,,,,,,,,,,,,,,,
SI0754-ZERO,ZERO,SI0754,2017-04-01,2025-10-01,0,,,,,,,,,,,,,,,,,,,
SI0755-ZERO,ZERO,SI0755,2017-04-01,2025-10-01,0,,,,,,,,,,,,,,,,,,,
SI0756-ZERO,ZERO,SI0756,2017-04-01,2025-10-01,0,,,,,,,,,,,,,,,,,,,
SI0757-ZERO,ZERO,SI0757,2017-04-01,2025-10-01,0,,,,,,,,,,,,,,,,,,,
SI0758-ZERO,ZERO,SI0758,2017-04-01,2025-10-01,0,,,,,,,,,,,,,,,,,,,
SI0759-ZERO,ZERO,SI0759,2017-04-01,2025-10-01,0,,,,,,,,,,,,,,,,,,,
SI0760-ZERO,ZERO,SI0760,2017-04-01,2025-10-01,0,,,,,,,,,,,,,,,,,,,
SI0761-ZERO,ZERO,SI0761,2017-04-01,2025-10-01,0,,,,,,,,,,,,,,,,,,,
SI0762-ZERO,ZERO,SI0762,2017-04-01,2025-10-01,0,,,,,,,,,,,,,,,,,,,
SI0763-ZERO,ZERO,SI0763,2017-04-01,2025-10-01,0,,,,,,,,,,,,,,,,,,,
SI0764-ZERO,ZERO,SI0764,2017-04-01,2025-10-01,0,,,,,,,,,,,,,,,,,,,
SI0765-ZERO,ZERO,SI0765,2017-04-01,2025-10-01,0,,,,,,,,,,,,,,,,,,,
SI0766-ZERO,ZERO,SI0766,2017-04-01,2025-10-01,0,,,,,,,,,,,,,,,,,,,
SI0767-ZERO,ZERO,SI0767,2017-04-01,2025-10-01,0,,,,,,,,,,,,,,,,,,,
SI0768-ZERO,ZERO,SI0768,2017-04-01,2025-10-01,0,,,,,,,,,,,,,,,,,,,
SI0769-ZERO,ZERO,SI0769,2017-04-01,2025-10-01,0,,,,,,,,,,,,,,,,,,,
SI0770-ZERO,ZERO,SI0770,2017-04-01,2025-10-01,0,,,,,,,,,,,,,,,,,,,
SI0771-ZERO,ZERO,SI0771,2017-04-01,2025-10-01,0,,,,,,,,,,,,,,,,,,,
SI0772-ZERO,ZERO,SI0772,2017-04-01,2025-10-01,0,,,,,,,,,,,,,,,,,,,
SI0773-ZERO,ZERO,SI0773,2017-04-01,2025-10-01,0,,,,,,,,,,,,,,,,,,,
SI0774-ZERO,ZERO,SI0774,2017-04-01,2025-10-01,0,,,,,,,,,,,,,,,,,,,
SI0775-ZERO,ZERO,SI0775,2017-04-01,2025-10-01,0,,,,,,,,,,,,,,,,,,,
SI0776-ZERO,ZERO,SI0776,2017-04-01,2025-10-01,0,,,,,,,,,,,,,,,,,,,
SI0777-ZERO,ZERO,SI0777,2017-04-01,2025-10-01,0,,,,,,,,,,,,,,,,,,,
SI0778-ZERO,ZERO,SI0778,2017-04-01,2025-10-01,0,,,,,,,,,,,,,,,,,,,
SI0779-ZERO,ZERO,SI0779,2017-04-01,2025-10-01,0,,,,,,,,,,,,,,,,,,,
SI0780-ZERO,ZERO,SI0780,2017-04-01,2025-10-01,0,,,,,,,,,,,,,,,,,,,
SI0781-ZERO,ZERO,SI0781,2020-04-01,2025-10-01,0,,,,,,,,,,,,,,,,,,,
SI0782-ZERO,ZERO,SI0782,2020-04-01,2025-10-01,0,,,,,,,,,,,,,,,,,,,
SI0783-ZERO,ZERO,SI0783,2020-04-01,2025-10-01,0,,,,,,,,,,,,,,,,,,,
SI0784-ZERO,ZERO,SI0784,2020-04-01,2025-10-01,0,,,,,,,,,,,,,,,,,,,
SI0785-ZERO,ZERO,SI0785,2020-04-01,2025-10-01,0,,,,,,,,,,,,,,,,,,,
SI0786-ZERO,ZERO,SI0786,2020-04-01,2025-10-01,0,,,,,,,,,,,,,,,,,,,
SI0787-ZERO,ZERO,SI0787,2020-04-01,2025-10-01,0,,,,,,,,,,,,,,,,,,,
SI0788-ZERO,ZERO,SI0788,2020-04-01,2025-10-01,0,,,,,,,,,,,,,,,,,,,
SI0789-ZERO,ZERO,SI0789,2020-04-01,2025-10-01,0,,,,,,,,,,,,,,,,,,,
SI0790-ZERO,ZERO,SI0790,2020-04-01,2025-10-01,0,,,,,,,,,,,,,,,,,,,
SI0791-ZERO,ZERO,SI0791,2020-04-01,2025-10-01,0,,,,,,,,,,,,,,,,,,,
SI0792-ZERO,ZERO,SI0792,2020-04-01,2025-10-01,0,,,,,,,,,,,,,,,,,,,
SI0793-ZERO,ZERO,SI0793,2020-04-01,2025-10-01,0,,,,,,,,,,,,,,,,,,,
SI0794-ZERO,ZERO,SI0794,2020-04-01,2025-10-01,0,,,,,,,,,,,,,,,,,,,
SI0795-ZERO,ZERO,SI0795,2020-04-01,2025-10-01,0,,,,,,,,,,,,,,,,,,,
SI0796-ZERO,ZERO,SI0796,2020-04-01,2025-10-01,0,,,,,,,,,,,,,,,,,,,
SI0797-ZERO,ZERO,SI0797,2020-04-01,2025-10-01,0,,,,,,,,,,,,,,,,,,,
SI0798-ZERO,ZERO,SI0798,2020-04-01,2025-10-01,0,,,,,,,,,,,,,,,,,,,
SI0799-ZERO,ZERO,SI0799,2020-04-01,2025-10-01,0,,,,,,,,,,,,,,,,,,,
SI0800-ZERO,ZERO,SI0800,2020-04-01,2025-10-01,0,,,,,,,,,,,,,,,,,,,
SI0801-ZERO,ZERO,SI0801,2020-04-01,2025-10-01,0,,,,,,,,,,,,,,,,,,,
SI0802-ZERO,ZERO,SI0802,2020-04-01,2025-10-01,0,,,,,,,,,,,,,,,,,,,
SI0803-ZERO,ZERO,SI0803,2020-04-01,2025-10-01,0,,,,,,,,,,,,,,,,,,,
SI0804-ZERO,ZERO,SI0804,2020-04-01,2025-10-01,0,,,,,,,,,,,,,,,,,,,
SI0805-ZERO,ZERO,SI0805,2020-04-01,2025-10-01,0,,,,,,,,,,,,,,,,,,,
SI0806-ZERO,ZERO,SI0806,2020-04-01,2025-10-01,0,,,,,,,,,,,,,,,,,,,
SI0807-ZERO,ZERO,SI0807,2020-04-01,2025-10-01,0,,,,,,,,,,,,,,,,,,,
SI0808-ZERO,ZERO,SI0808,2020-04-01,2025-10-01,0,,,,,,,,,,,,,,,,,,,
SI0809-ZERO,ZERO,SI0809,2020-04-01,2025-10-01,0,,,,,,,,,,,,,,,,,,,
SI0810-ZERO,ZERO,SI0810,2020-04-01,2025-10-01,0,,,,,,,,,,,,,,,,,,,
SI0811-ZERO,ZERO,SI0811,2020-04-01,2025-10-01,0,,,,,,,,,,,,,,,,,,,
SI0812-ZERO,ZERO,SI0812,2020-04-01,2025-10-01,0,,,,,,,,,,,,,,,,,,,
SI0813-ZERO,ZERO,SI0813,2020-04-01,2025-10-01,0,,,,,,,,,,,,,,,,,,,
SI0814-ZERO,ZERO,SI0814,2020-04-01,2025-10-01,0,,,,,,,,,,,,,,,,,,,
SI0815-ZERO,ZERO,SI0815,2020-04-01,2025-10-01,0,,,,,,,,,,,,,,,,,,,
SI0816-ZERO,ZERO,SI0816,2020-04-01,2025-10-01,0,,,,,,,,,,,,,,,,,,,
SI0817-ZERO,ZERO,SI0817,2020-04-01,2025-10-01,0,,,,,,,,,,,,,,,,,,,
SI0818-ZERO,ZERO,SI0818,2020-04-01,2025-10-01,0,,,,,,,,,,,,,,,,,,,
SI0819-ZERO,ZERO,SI0819,2020-04-01,2025-10-01,0,,,,,,,,,,,,,,,,,,,
SI0820-ZERO,ZERO,SI0820,2020-04-01,2025-10-01,0,,,,,,,,,,,,,,,,,,,
SI0821-ZERO,ZERO,SI0821,2020-04-01,2025-10-01,0,,,,,,,,,,,,,,,,,,,
SI0822-ZERO,ZERO,SI0822,2020-04-01,2025-10-01,0,,,,,,,,,,,,,,,,,,,
SI0823-ZERO,ZERO,SI0823,2020-04-01,2025-10-01,0,,,,,,,,,,,,,,,,,,,
SI0824-ZERO,ZERO,SI0824,2020-04-01,2025-10-01,0,,,,,,,,,,,,,,,,,,,
SI0825-ZERO,ZERO,SI0825,2020-04-01,2025-10-01,0,,,,,,,,,,,,,,,,,,,
SI0826-ZERO,ZERO,SI0826,2020-04-01,2025-10-01,0,,,,,,,,,,,,,,,,,,,
SI0827-ZERO,ZERO,SI0827,2020-04-01,2025-10-01,0,,,,,,,,,,,,,,,,,,,
SI0828-ZERO,ZERO,SI0828,2020-04-01,2025-10-01,0,,,,,,,,,,,,,,,,,,,
SI0829-ZERO,ZERO,SI0829,2020-04-01,2025-10-01,0,,,,,,,,,,,,,,,,,,,
SI0830-ZERO,ZERO,SI0830,2020-04-01,2025-10-01,0,,,,,,,,,,,,,,,,,,,
SI0831-ZERO,ZERO,SI0831,2020-04-01,2025-10-01,0,,,,,,,,,,,,,,,,,,,
SI0832-ZERO,ZERO,SI0832,2020-04-01,2025-10-01,0,,,,,,,,,,,,,,,,,,,
SI0833-ZERO,ZERO,SI0833,2020-04-01,2025-10-01,0,,,,,,,,,,,,,,,,,,,
SI0834-ZERO,ZERO,SI0834,2020-04-01,2025-10-01,0,,,,,,,,,,,,,,,,,,,
SI0835-ZERO,ZERO,SI0835,2020-04-01,2025-10-01,0,,,,,,,,,,,,,,,,,,,
SI0836-ZERO,ZERO,SI0836,2020-04-01,2025-10-01,0,,,,,,,,,,,,,,,,,,,
SI0837-ZERO,ZERO,SI0837,2020-04-01,2025-10-01,0,,,,,,,,,,,,,,,,,,,
SI0838-ZERO,ZERO,SI0838,2020-04-01,2025-10-01,0,,,,,,,,,,,,,,,,,,,
SI0839-ZERO,ZERO,SI0839,2020-04-01,2025-10-01,0,,,,,,,,,,,,,,,,,,,
SI0840-ZERO,ZERO,SI0840,2020-04-01,2025-10-01,0,,,,,,,,,,,,,,,,,,,
SI0841-ZERO,ZERO,SI0841,2020-04-01,2025-10-01,0,,,,,,,,,,,,,,,,,,,
SI0842-ZERO,ZERO,SI0842,2020-04-01,2025-10-01,0,,,,,,,,,,,,,,,,,,,
SI0843-ZERO,ZERO,SI0843,2020-04-01,2025-10-01,0,,,,,,,,,,,,,,,,,,,
SI0844-ZERO,ZERO,SI0844,2020-04-01,2025-10-01,0,,,,,,,,,,,,,,,,,,,
SI0845-ZERO,ZERO,SI0845,2020-04-01,2025-10-01,0,,,,,,,,,,,,,,,,,,,
SI0846-ZERO,ZERO,SI0846,2020-04-01,2025-10-01,0,,,,,,,,,,,,,,,,,,,
SI0847-ZERO,ZERO,SI0847,2020-04-01,2025-10-01,0,,,,,,,,,,,,,,,,,,,
SI0848-ZERO,ZERO,SI0848,2020-04-01,2025-10-01,0,,,,,,,,,,,,,,,,,,,
SI0849-ZERO,ZERO,SI0849,2020-04-01,2025-10-01,0,,,,,,,,,,,,,,,,,,,
SI0850-ZERO,ZERO,SI0850,2020-04-01,2025-10-01,0,,,,,,,,,,,,,,,,,,,
SI0851-ZERO,ZERO,SI0851,2020-04-01,2025-10-01,0,,,,,,,,,,,,,,,,,,,
SI0852-ZERO,ZERO,SI0852,2020-04-01,2025-10-01,0,,,,,,,,,,,,,,,,,,,
SI0853-ZERO,ZERO,SI0853,2020-04-01,2025-10-01,0,,,,,,,,,,,,,,,,,,,
SI0854-ZERO,ZERO,SI0854,2020-04-01,2025-10-01,0,,,,,,,,,,,,,,,,,,,
SI0855-ZERO,ZERO,SI0855,2020-04-01,2025-10-01,0,,,,,,,,,,,,,,,,,,,
SI0856-ZERO,ZERO,SI0856,2020-04-01,2025-10-01,0,,,,,,,,,,,,,,,,,,,
SI0857-ZERO,ZERO,SI0857,2020-04-01,2025-10-01,0,,,,,,,,,,,,,,,,,,,
SI0858-ZERO,ZERO,SI0858,2020-04-01,2025-10-01,0,,,,,,,,,,,,,,,,,,,
SI0859-ZERO,ZERO,SI0859,2020-04-01,2025-10-01,0,,,,,,,,,,,,,,,,,,,
SI0860-ZERO,ZERO,SI0860,2020-04-01,2025-10-01,0,,,,,,,,,,,,,,,,,,,
SI0861-ZERO,ZERO,SI0861,2020-04-01,2025-10-01,0,,,,,,,,,,,,,,,,,,,
SI0862-ZERO,ZERO,SI0862,2020-04-01,2025-10-01,0,,,,,,,,,,,,,,,,,,,
SI0863-ZERO,ZERO,SI0863,2020-04-01,2025-10-01,0,,,,,,,,,,,,,,,,,,,
SI0864-ZERO,ZERO,SI0864,2020-04-01,2025-10-01,0,,,,,,,,,,,,,,,,,,,
SI0865-ZERO,ZERO,SI0865,2020-04-01,2025-10-01,0,,,,,,,,,,,,,,,,,,,
SI0866-ZERO,ZERO,SI0866,2020-04-01,2025-10-01,0,,,,,,,,,,,,,,,,,,,
SI0867-ZERO,ZERO,SI0867,2020-04-01,2025-10-01,0,,,,,,,,,,,,,,,,,,,
SI0868-ZERO,ZERO,SI0868,2020-04-01,2025-10-01,0,,,,,,,,,,,,,,,,,,,
SI0869-ZERO,ZERO,SI0869,2020-04-01,2025-10-01,0,,,,,,,,,,,,,,,,,,,
SI0870-ZERO,ZERO,SI0870,2020-04-01,2025-10-01,0,,,,,,,,,,,,,,,,,,,
SI0871-ZERO,ZERO,SI0871,2020-04-01,2025-10-01,0,,,,,,,,,,,,,,,,,,,
SI0872-ZERO,ZERO,SI0872,2020-04-01,2025-10-01,0,,,,,,,,,,,,,,,,,,,
SI0873-ZERO,ZERO,SI0873,2020-04-01,2025-10-01,0,,,,,,,,,,,,,,,,,,,
SI0874-ZERO,ZERO,SI0874,2020-04-01,2025-10-01,0,,,,,,,,,,,,,,,,,,,
SI0875-ZERO,ZERO,SI0875,2020-04-01,2025-10-01,0,,,,,,,,,,,,,,,,,,,
SI0876-ZERO,ZERO,SI0876,2020-04-01,2025-10-01,0,,,,,,,,,,,,,,,,,,,
SI0877-ZERO,ZERO,SI0877,2020-04-01,2025-10-01,0,,,,,,,,,,,,,,,,,,,
SI0878-ZERO,ZERO,SI0878,2020-04-01,2025-10-01,0,,,,,,,,,,,,,,,,,,,
SI0879-ZERO,ZERO,SI0879,2020-04-01,2025-10-01,0,,,,,,,,,,,,,,,,,,,
SI0880-ZERO,ZERO,SI0880,2020-04-01,2025-10-01,0,,,,,,,,,,,,,,,,,,,
SI0881-ZERO,ZERO,SI0881,2020-04-01,2025-10-01,0,,,,,,,,,,,,,,,,,,,
SI0882-ZERO,ZERO,SI0882,2020-04-01,2025-10-01,0,,,,,,,,,,,,,,,,,,,
SI0883-ZERO,ZERO,SI0883,2020-04-01,2025-10-01,0,,,,,,,,,,,,,,,,,,,
SI0884-ZERO,ZERO,SI0884,2020-04-01,2025-10-01,0,,,,,,,,,,,,,,,,,,,
SI0885-ZERO,ZERO,SI0885,2020-04-01,2025-10-01,0,,,,,,,,,,,,,,,,,,,
SI0886-ZERO,ZERO,SI0886,2020-04-01,2025-10-01,0,,,,,,,,,,,,,,,,,,,
SI0887-ZERO,ZERO,SI0887,2020-04-01,2025-10-01,0,,,,,,,,,,,,,,,,,,,
SI0888-ZERO,ZERO,SI0888,2020-04-01,2025-10-01,0,,,,,,,,,,,,,,,,,,,
SI0889-ZERO,ZERO,SI0889,2020-04-01,2025-10-01,0,,,,,,,,,,,,,,,,,,,
SI0890-ZERO,ZERO,SI0890,2020-04-01,2025-10-01,0,,,,,,,,,,,,,,,,,,,
SI0891-ZERO,ZERO,SI0891,2020-04-01,2025-10-01,0,,,,,,,,,,,,,,,,,,,
SI0892-ZERO,ZERO,SI0892,2020-04-01,2025-10-01,0,,,,,,,,,,,,,,,,,,,
SI0893-ZERO,ZERO,SI0893,2020-04-01,2025-10-01,0,,,,,,,,,,,,,,,,,,,
SI0894-ZERO,ZERO,SI0894,2020-04-01,2025-10-01,0,,,,,,,,,,,,,,,,,,,
SI0895-ZERO,ZERO,SI0895,2020-04-01,2025-10-01,0,,,,,,,,,,,,,,,,,,,
SI0896-ZERO,ZERO,SI0896,2020-04-01,2025-10-01,0,,,,,,,,,,,,,,,,,,,
SI0897-ZERO,ZERO,SI0897,2020-04-01,2025-10-01,0,,,,,,,,,,,,,,,,,,,
SI0898-ZERO,ZERO,SI0898,2020-04-01,2025-10-01,0,,,,,,,,,,,,,,,,,,,
SI0899-ZERO,ZERO,SI0899,2020-04-01,2025-10-01,0,,,,,,,,,,,,,,,,,,,
SI0900-ZERO,ZERO,SI0900,2020-04-01,2025-10-01,0,,,,,,,,,,,,,,,,,,,
SI0901-ZERO,ZERO,SI0901,2020-04-01,2025-10-01,0,,,,,,,,,,,,,,,,,,,
SI0902-ZERO,ZERO,SI0902,2020-04-01,2025-10-01,0,,,,,,,,,,,,,,,,,,,
SI0903-ZERO,ZERO,SI0903,2020-04-01,2025-10-01,0,,,,,,,,,,,,,,,,,,,
SI0904-ZERO,ZERO,SI0904,2020-04-01,2025-10-01,0,,,,,,,,,,,,,,,,,,,
SI0905-ZERO,ZERO,SI0905,2020-04-01,2025-10-01,0,,,,,,,,,,,,,,,,,,,
SI0906-ZERO,ZERO,SI0906,2020-04-01,2025-10-01,0,,,,,,,,,,,,,,,,,,,
SI0907-ZERO,ZERO,SI0907,2020-04-01,2025-10-01,0,,,,,,,,,,,,,,,,,,,
SI0908-ZERO,ZERO,SI0908,2020-04-01,2025-10-01,0,,,,,,,,,,,,,,,,,,,
SI0909-ZERO,ZERO,SI0909,2020-04-01,2025-10-01,0,,,,,,,,,,,,,,,,,,,
SI0910-ZERO,ZERO,SI0910,2020-04-01,2025-10-01,0,,,,,,,,,,,,,,,,,,,
SI0911-ZERO,ZERO,SI0911,2020-04-01,2025-10-01,0,,,,,,,,,,,,,,,,,,,
SI0912-ZERO,ZERO,SI0912,2020-04-01,2025-10-01,0,,,,,,,,,,,,,,,,,,,
SI0913-ZERO,ZERO,SI0913,2020-04-01,2025-10-01,0,,,,,,,,,,,,,,,,,,,
SI0914-ZERO,ZERO,SI0914,2020-04-01,2025-10-01,0,,,,,,,,,,,,,,,,,,,
SI0915-ZERO,ZERO,SI0915,2020-04-01,2025-10-01,0,,,,,,,,,,,,,,,,,,,
SI0916-ZERO,ZERO,SI0916,2020-04-01,2025-10-01,0,,,,,,,,,,,,,,,,,,,
SI0917-ZERO,ZERO,SI0917,2020-04-01,2025-10-01,0,,,,,,,,,,,,,,,,,,,
SI0918-ZERO,ZERO,SI0918,2020-04-01,2025-10-01,0,,,,,,,,,,,,,,,,,,,
SI0919-ZERO,ZERO,SI0919,2020-04-01,2025-10-01,0,,,,,,,,,,,,,,,,,,,
SI0920-ZERO,ZERO,SI0920,2020-04-01,2025-10-01,0,,,,,,,,,,,,,,,,,,,
SI0921-ZERO,ZERO,SI0921,2020-04-01,2025-10-01,0,,,,,,,,,,,,,,,,,,,
SI0922-ZERO,ZERO,SI0922,2020-04-01,2025-10-01,0,,,,,,,,,,,,,,,,,,,
SI0923-ZERO,ZERO,SI0923,2020-04-01,2025-10-01,0,,,,,,,,,,,,,,,,,,,
SI0924-ZERO,ZERO,SI0924,2020-04-01,2025-10-01,0,,,,,,,,,,,,,,,,,,,
SI0925-ZERO,ZERO,SI0925,2020-04-01,2025-10-01,0,,,,,,,,,,,,,,,,,,,
SI0926-ZERO,ZERO,SI0926,2017-04-01,2025-10-01,0,,,,,,,,,,,,,,,,,,,
SI0927-ZERO,ZERO,SI0927,2017-04-01,2025-10-01,0,,,,,,,,,,,,,,,,,,,
SI0928-ZERO,ZERO,SI0928,2017-04-01,2025-10-01,0,,,,,,,,,,,,,,,,,,,
SI0929-ZERO,ZERO,SI0929,2017-04-01,2025-10-01,0,,,,,,,,,,,,,,,,,,,
SI0930-ZERO,ZERO,SI0930,2017-04-01,2025-10-01,0,,,,,,,,,,,,,,,,,,,
SI0931-ZERO,ZERO,SI0931,2017-04-01,2025-10-01,0,,,,,,,,,,,,,,,,,,,
SI0932-ZERO,ZERO,SI0932,2017-04-01,2025-10-01,0,,,,,,,,,,,,,,,,,,,
SI0933-ZERO,ZERO,SI0933,2017-04-01,2025-10-01,0,,,,,,,,,,,,,,,,,,,
SI0934-ZERO,ZERO,SI0934,2017-04-01,2025-10-01,0,,,,,,,,,,,,,,,,,,,
SI0935-ZERO,ZERO,SI0935,2017-04-01,2025-10-01,0,,,,,,,,,,,,,,,,,,,
SI0936-ZERO,ZERO,SI0936,2017-04-01,2025-10-01,0,,,,,,,,,,,,,,,,,,,
SI0937-ZERO,ZERO,SI0937,2017-04-01,2025-10-01,0,,,,,,,,,,,,,,,,,,,
SI0938-ZERO,ZERO,SI0938,2017-04-01,2025-10-01,0,,,,,,,,,,,,,,,,,,,
SI0939-ZERO,ZERO,SI0939,2017-04-01,2025-10-01,0,,,,,,,,,,,,,,,,,,,
SI0940-ZERO,ZERO,SI0940,2017-04-01,2025-10-01,0,,,,,,,,,,,,,,,,,,,
SI0941-ZERO,ZERO,SI0941,2017-04-01,2025-10-01,0,,,,,,,,,,,,,,,,,,,
SI0942-ZERO,ZERO,SI0942,2017-04-01,2025-10-01,0,,,,,,,,,,,,,,,,,,,
SI0943-ZERO,ZERO,SI0943,2017-04-01,2025-10-01,0,,,,,,,,,,,,,,,,,,,
SI0944-ZERO,ZERO,SI0944,2017-04-01,2025-10-01,0,,,,,,,,,,,,,,,,,,,
SI0945-ZERO,ZERO,SI0945,2017-04-01,2025-10-01,0,,,,,,,,,,,,,,,,,,,
SI0946-ZERO,ZERO,SI0946,2017-04-01,2025-10-01,0,,,,,,,,,,,,,,,,,,,
SI0947-ZERO,ZERO,SI0947,2017-04-01,2025-10-01,0,,,,,,,,,,,,,,,,,,,
SI0948-ZERO,ZERO,SI0948,2017-04-01,2025-10-01,0,,,,,,,,,,,,,,,,,,,
SI0949-ZERO,ZERO,SI0949,2017-04-01,2025-10-01,0,,,,,,,,,,,,,,,,,,,
SI0950-ZERO,ZERO,SI0950,2017-04-01,2025-10-01,0,,,,,,,,,,,,,,,,,,,
SI0951-ZERO,ZERO,SI0951,2017-04-01,2025-10-01,0,,,,,,,,,,,,,,,,,,,
SI0952-ZERO,ZERO,SI0952,2017-04-01,2025-10-01,0,,,,,,,,,,,,,,,,,,,
SI0953-ZERO,ZERO,SI0953,2017-04-01,2025-10-01,0,,,,,,,,,,,,,,,,,,,
SI0954-ZERO,ZERO,SI0954,2017-04-01,2025-10-01,0,,,,,,,,,,,,,,,,,,,
SI0955-ZERO,ZERO,SI0955,2017-04-01,2025-10-01,0,,,,,,,,,,,,,,,,,,,
SI0956-ZERO,ZERO,SI0956,2017-04-01,2025-10-01,0,,,,,,,,,,,,,,,,,,,
SI0957-ZERO,ZERO,SI0957,2017-04-01,2025-10-01,0,,,,,,,,,,,,,,,,,,,
SI0958-ZERO,ZERO,SI0958,2017-04-01,2025-10-01,0,,,,,,,,,,,,,,,,,,,
SI0959-ZERO,ZERO,SI0959,2017-04-01,2025-10-01,0,,,,,,,,,,,,,,,,,,,
SI0960-ZERO,ZERO,SI0960,2017-04-01,2025-10-01,0,,,,,,,,,,,,,,,,,,,
SI0961-ZERO,ZERO,SI0961,2017-04-01,2025-10-01,0,,,,,,,,,,,,,,,,,,,
SI0962-ZERO,ZERO,SI0962,2017-04-01,2025-10-01,0,,,,,,,,,,,,,,,,,,,
SI0963-ZERO,ZERO,SI0963,2017-04-01,2025-10-01,0,,,,,,,,,,,,,,,,,,,
SI0964-ZERO,ZERO,SI0964,2017-04-01,2025-10-01,0,,,,,,,,,,,,,,,,,,,
SI0965-ZERO,ZERO,SI0965,2017-04-01,2025-10-01,0,,,,,,,,,,,,,,,,,,,
SI0966-ZERO,ZERO,SI0966,2017-04-01,2025-10-01,0,,,,,,,,,,,,,,,,,,,
SI0967-ZERO,ZERO,SI0967,2017-04-01,2025-10-01,0,,,,,,,,,,,,,,,,,,,
SI0968-ZERO,ZERO,SI0968,2017-04-01,2025-10-01,0,,,,,,,,,,,,,,,,,,,
SI0969-ZERO,ZERO,SI0969,2017-04-01,2025-10-01,0,,,,,,,,,,,,,,,,,,,
SI0970-ZERO,ZERO,SI0970,2017-04-01,2025-10-01,0,,,,,,,,,,,,,,,,,,,
SI0971-ZERO,ZERO,SI0971,2017-04-01,2025-10-01,0,,,,,,,,,,,,,,,,,,,
SI0972-ZERO,ZERO,SI0972,2017-04-01,2025-10-01,0,,,,,,,,,,,,,,,,,,,
SI0973-ZERO,ZERO,SI0973,2017-04-01,2025-10-01,0,,,,,,,,,,,,,,,,,,,
SI0974-ZERO,ZERO,SI0974,2017-04-01,2025-10-01,0,,,,,,,,,,,,,,,,,,,
SI0975-ZERO,ZERO,SI0975,2017-04-01,2025-10-01,0,,,,,,,,,,,,,,,,,,,
SI0976-ZERO,ZERO,SI0976,2017-04-01,2025-10-01,0,,,,,,,,,,,,,,,,,,,
SI0977-ZERO,ZERO,SI0977,2017-04-01,2025-10-01,0,,,,,,,,,,,,,,,,,,,
SI0978-ZERO,ZERO,SI0978,2017-04-01,2025-10-01,0,,,,,,,,,,,,,,,,,,,
SI0979-ZERO,ZERO,SI0979,2017-04-01,2025-10-01,0,,,,,,,,,,,,,,,,,,,
SI0980-ZERO,ZERO,SI0980,2017-04-01,2025-10-01,0,,,,,,,,,,,,,,,,,,,
SI0981-ZERO,ZERO,SI0981,2017-04-01,2025-10-01,0,,,,,,,,,,,,,,,,,,,
SI0982-ZERO,ZERO,SI0982,2017-04-01,2025-10-01,0,,,,,,,,,,,,,,,,,,,
SI0983-ZERO,ZERO,SI0983,2017-04-01,2025-10-01,0,,,,,,,,,,,,,,,,,,,
SI0984-ZERO,ZERO,SI0984,2017-04-01,2025-10-01,0,,,,,,,,,,,,,,,,,,,
SI0985-ZERO,ZERO,SI0985,2017-04-01,2025-10-01,0,,,,,,,,,,,,,,,,,,,
SI0986-ZERO,ZERO,SI0986,2017-04-01,2025-10-01,0,,,,,,,,,,,,,,,,,,,
SI0987-ZERO,ZERO,SI0987,2017-04-01,2025-10-01,0,,,,,,,,,,,,,,,,,,,
SI0988-ZERO,ZERO,SI0988,2017-04-01,2025-10-01,0,,,,,,,,,,,,,,,,,,,
SI0989-ZERO,ZERO,SI0989,2017-04-01,2025-10-01,0,,,,,,,,,,,,,,,,,,,
SI0990-ZERO,ZERO,SI0990,2017-04-01,2025-10-01,0,,,,,,,,,,,,,,,,,,,
SI0991-ZERO,ZERO,SI0991,2017-04-01,2025-10-01,0,,,,,,,,,,,,,,,,,,,
SI0992-ZERO,ZERO,SI0992,2017-04-01,2025-10-01,0,,,,,,,,,,,,,,,,,,,
SI0993-ZERO,ZERO,SI0993,2017-04-01,2025-10-01,0,,,,,,,,,,,,,,,,,,,
SI0994-ZERO,ZERO,SI0994,2017-04-01,2025-10-01,0,,,,,,,,,,,,,,,,,,,
SI0995-ZERO,ZERO,SI0995,2017-04-01,2025-10-01,0,,,,,,,,,,,,,,,,,,,
SI0996-ZERO,ZERO,SI0996,2017-04-01,2025-10-01,0,,,,,,,,,,,,,,,,,,,
SI0997-ZERO,ZERO,SI0997,2017-04-01,2025-10-01,0,,,,,,,,,,,,,,,,,,,
SI0998-ZERO,ZERO,SI0998,2017-04-01,2025-10-01,0,,,,,,,,,,,,,,,,,,,
SI0999-ZERO,ZERO,SI0999,2017-04-01,2025-10-01,0,,,,,,,,,,,,,,,,,,,
SI1000-ZERO,ZERO,SI1000,2017-04-01,2025-10-01,0,,,,,,,,,,,,,,,,,,,
SI1001-ZERO,ZERO,SI1001,2017-04-01,2025-10-01,0,,,,,,,,,,,,,,,,,,,
SI1002-ZERO,ZERO,SI1002,2017-04-01,2025-10-01,0,,,,,,,,,,,,,,,,,,,
SI1003-ZERO,ZERO,SI1003,2017-04-01,2025-10-01,0,,,,,,,,,,,,,,,,,,,
SI1004-ZERO,ZERO,SI1004,2017-04-01,2025-10-01,0,,,,,,,,,,,,,,,,,,,
SI1005-ZERO,ZERO,SI1005,2017-04-01,2025-10-01,0,,,,,,,,,,,,,,,,,,,
SI1006-ZERO,ZERO,SI1006,2017-04-01,2025-10-01,0,,,,,,,,,,,,,,,,,,,
SI1007-ZERO,ZERO,SI1007,2017-04-01,2025-10-01,0,,,,,,,,,,,,,,,,,,,
SI1008-ZERO,ZERO,SI1008,2017-04-01,2025-10-01,0,,,,,,,,,,,,,,,,,,,
SI1009-ZERO,ZERO,SI1009,2017-04-01,2025-10-01,0,,,,,,,,,,,,,,,,,,,
SI1010-ZERO,ZERO,SI1010,2017-04-01,2025-10-01,0,,,,,,,,,,,,,,,,,,,
SI1011-ZERO,ZERO,SI1011,2017-04-01,2025-10-01,0,,,,,,,,,,,,,,,,,,,
SI1012-ZERO,ZERO,SI1012,2017-04-01,2025-10-01,0,,,,,,,,,,,,,,,,,,,
SI1013-ZERO,ZERO,SI1013,2017-04-01,2025-10-01,0,,,,,,,,,,,,,,,,,,,
SI1014-ZERO,ZERO,SI1014,2017-04-01,2025-10-01,0,,,,,,,,,,,,,,,,,,,
SI1015-ZERO,ZERO,SI1015,2017-04-01,2025-10-01,0,,,,,,,,,,,,,,,,,,,
SI1016-ZERO,ZERO,SI1016,2017-04-01,2025-10-01,0,,,,,,,,,,,,,,,,,,,
SI1017-ZERO,ZERO,SI1017,2017-04-01,2025-10-01,0,,,,,,,,,,,,,,,,,,,
SI1018-ZERO,ZERO,SI1018,2017-04-01,2025-10-01,0,,,,,,,,,,,,,,,,,,,
SI1019-ZERO,ZERO,SI1019,2017-04-01,2025-10-01,0,,,,,,,,,,,,,,,,,,,
SI1020-ZERO,ZERO,SI1020,2017-04-01,2025-10-01,0,,,,,,,,,,,,,,,,,,,
SI1021-ZERO,ZERO,SI1021,2017-04-01,2025-10-01,0,,,,,,,,,,,,,,,,,,,
SI1022-ZERO,ZERO,SI1022,2017-04-01,2025-10-01,0,,,,,,,,,,,,,,,,,,,
SI1023-ZERO,ZERO,SI1023,2017-04-01,2025-10-01,0,,,,,,,,,,,,,,,,,,,
SI1024-ZERO,ZERO,SI1024,2017-04-01,2025-10-01,0,,,,,,,,,,,,,,,,,,,
SI1025-ZERO,ZERO,SI1025,2017-04-01,2025-10-01,0,,,,,,,,,,,,,,,,,,,
SI1026-ZERO,ZERO,SI1026,2017-04-01,2025-10-01,0,,,,,,,,,,,,,,,,,,,
SI1027-ZERO,ZERO,SI1027,2017-04-01,2025-10-01,0,,,,,,,,,,,,,,,,,,,
SI1028-ZERO,ZERO,SI1028,2017-04-01,2025-10-01,0,,,,,,,,,,,,,,,,,,,
SI1029-ZERO,ZERO,SI1029,2017-04-01,2025-10-01,0,,,,,,,,,,,,,,,,,,,
SI1030-ZERO,ZERO,SI1030,2017-04-01,2025-10-01,0,,,,,,,,,,,,,,,,,,,
SI1031-ZERO,ZERO,SI1031,2017-04-01,2025-10-01,0,,,,,,,,,,,,,,,,,,,
SI1032-ZERO,ZERO,SI1032,2017-04-01,2025-10-01,0,,,,,,,,,,,,,,,,,,,
SI1033-ZERO,ZERO,SI1033,2017-04-01,2025-10-01,0,,,,,,,,,,,,,,,,,,,
SI1034-ZERO,ZERO,SI1034,2017-04-01,2025-10-01,0,,,,,,,,,,,,,,,,,,,
SI1035-ZERO,ZERO,SI1035,2017-04-01,2025-10-01,0,,,,,,,,,,,,,,,,,,,
SI1036-ZERO,ZERO,SI1036,2017-04-01,2025-10-01,0,,,,,,,,,,,,,,,,,,,
SI1037-ZERO,ZERO,SI1037,2017-04-01,2025-10-01,0,,,,,,,,,,,,,,,,,,,
SI1038-ZERO,ZERO,SI1038,2017-04-01,2025-10-01,0,,,,,,,,,,,,,,,,,,,
SI1039-ZERO,ZERO,SI1039,2017-04-01,2025-10-01,0,,,,,,,,,,,,,,,,,,,
SI1040-ZERO,ZERO,SI1040,2017-04-01,2025-10-01,0,,,,,,,,,,,,,,,,,,,
SI1041-ZERO,ZERO,SI1041,2017-04-01,2025-10-01,0,,,,,,,,,,,,,,,,,,,
SI1042-ZERO,ZERO,SI1042,2017-04-01,2025-10-01,0,,,,,,,,,,,,,,,,,,,
SI1043-ZERO,ZERO,SI1043,2017-04-01,2025-10-01,0,,,,,,,,,,,,,,,,,,,
SI1044-ZERO,ZERO,SI1044,2017-04-01,2025-10-01,0,,,,,,,,,,,,,,,,,,,
SI1045-ZERO,ZERO,SI1045,2017-04-01,2025-10-01,0,,,,,,,,,,,,,,,,,,,
SI1046-ZERO,ZERO,SI1046,2017-04-01,2025-10-01,0,,,,,,,,,,,,,,,,,,,
SI1047-ZERO,ZERO,SI1047,2017-04-01,2025-10-01,0,,,,,,,,,,,,,,,,,,,
SI1048-ZERO,ZERO,SI1048,2017-04-01,2025-10-01,0,,,,,,,,,,,,,,,,,,,
SI1049-ZERO,ZERO,SI1049,2017-04-01,2025-10-01,0,,,,,,,,,,,,,,,,,,,
SI1050-ZERO,ZERO,SI1050,2017-04-01,2025-10-01,0,,,,,,,,,,,,,,,,,,,
SI1051-ZERO,ZERO,SI1051,2017-04-01,2025-10-01,0,,,,,,,,,,,,,,,,,,,
SI1052-ZERO,ZERO,SI1052,2017-04-01,2025-10-01,0,,,,,,,,,,,,,,,,,,,
SI1053-ZERO,ZERO,SI1053,2017-04-01,2025-10-01,0,,,,,,,,,,,,,,,,,,,
SI1054-ZERO,ZERO,SI1054,2017-04-01,2025-10-01,0,,,,,,,,,,,,,,,,,,,
SI1055-ZERO,ZERO,SI1055,2017-04-01,2025-10-01,0,,,,,,,,,,,,,,,,,,,
SI1056-ZERO,ZERO,SI1056,2017-04-01,2025-10-01,0,,,,,,,,,,,,,,,,,,,
SI1057-ZERO,ZERO,SI1057,2017-04-01,2025-10-01,0,,,,,,,,,,,,,,,,,,,
SI1058-ZERO,ZERO,SI1058,2017-04-01,2025-10-01,0,,,,,,,,,,,,,,,,,,,
SI1059-ZERO,ZERO,SI1059,2017-04-01,2025-10-01,0,,,,,,,,,,,,,,,,,,,
SI1060-ZERO,ZERO,SI1060,2017-04-01,2025-10-01,0,,,,,,,,,,,,,,,,,,,
SI1061-ZERO,ZERO,SI1061,2017-04-01,2025-10-01,0,,,,,,,,,,,,,,,,,,,
SI1062-ZERO,ZERO,SI1062,2017-04-01,2025-10-01,0,,,,,,,,,,,,,,,,,,,
SI1063-ZERO,ZERO,SI1063,2017-04-01,2025-10-01,0,,,,,,,,,,,,,,,,,,,
SI1064-ZERO,ZERO,SI1064,2017-04-01,2025-10-01,0,,,,,,,,,,,,,,,,,,,
SI1065-ZERO,ZERO,SI1065,2017-04-01,2025-10-01,0,,,,,,,,,,,,,,,,,,,
SI1066-ZERO,ZERO,SI1066,2017-04-01,2025-10-01,0,,,,,,,,,,,,,,,,,,,
SI1067-ZERO,ZERO,SI1067,2017-04-01,2025-10-01,0,,,,,,,,,,,,,,,,,,,
SI1068-ZERO,ZERO,SI1068,2017-04-01,2025-10-01,0,,,,,,,,,,,,,,,,,,,
SI1069-ZERO,ZERO,SI1069,2017-04-01,2025-10-01,0,,,,,,,,,,,,,,,,,,,
SI1070-ZERO,ZERO,SI1070,2017-04-01,2025-10-01,0,,,,,,,,,,,,,,,,,,,
SI1071-ZERO,ZERO,SI1071,2017-04-01,2025-10-01,0,,,,,,,,,,,,,,,,,,,
SI1072-ZERO,ZERO,SI1072,2017-04-01,2025-10-01,0,,,,,,,,,,,,,,,,,,,
SI1073-ZERO,ZERO,SI1073,2017-04-01,2025-10-01,0,,,,,,,,,,,,,,,,,,,
SI1074-ZERO,ZERO,SI1074,2017-04-01,2025-10-01,0,,,,,,,,,,,,,,,,,,,
SI1075-ZERO,ZERO,SI1075,2017-04-01,2025-10-01,0,,,,,,,,,,,,,,,,,,,
SI1076-ZERO,ZERO,SI1076,2017-04-01,2025-10-01,0,,,,,,,,,,,,,,,,,,,
SI1077-ZERO,ZERO,SI1077,2017-04-01,2025-10-01,0,,,,,,,,,,,,,,,,,,,
SI1078-ZERO,ZERO,SI1078,2017-04-01,2025-10-01,0,,,,,,,,,,,,,,,,,,,
SI1079-ZERO,ZERO,SI1079,2017-04-01,2025-10-01,0,,,,,,,,,,,,,,,,,,,
SI1080-ZERO,ZERO,SI1080,2017-04-01,2025-10-01,0,,,,,,,,,,,,,,,,,,,
SI1081-ZERO,ZERO,SI1081,2017-04-01,2025-10-01,0,,,,,,,,,,,,,,,,,,,
SI1082-ZERO,ZERO,SI1082,2017-04-01,2025-10-01,0,,,,,,,,,,,,,,,,,,,
SI1083-ZERO,ZERO,SI1083,2017-04-01,2025-10-01,0,,,,,,,,,,,,,,,,,,,
SI1084-ZERO,ZERO,SI1084,2017-04-01,2025-10-01,0,,,,,,,,,,,,,,,,,,,
SI1085-ZERO,ZERO,SI1085,2017-04-01,2025-10-01,0,,,,,,,,,,,,,,,,,,,
SI1086-ZERO,ZERO,SI1086,2017-04-01,2025-10-01,0,,,,,,,,,,,,,,,,,,,
SI1087-ZERO,ZERO,SI1087,2017-04-01,2025-10-01,0,,,,,,,,,,,,,,,,,,,
SI1088-ZERO,ZERO,SI1088,2017-04-01,2025-10-01,0,,,,,,,,,,,,,,,,,,,
SI1089-ZERO,ZERO,SI1089,2017-04-01,2025-10-01,0,,,,,,,,,,,,,,,,,,,
SI1090-ZERO,ZERO,SI1090,2017-04-01,2025-10-01,0,,,,,,,,,,,,,,,,,,,
SI1091-ZERO,ZERO,SI1091,2017-04-01,2025-10-01,0,,,,,,,,,,,,,,,,,,,
SI1092-ZERO,ZERO,SI1092,2017-04-01,2025-10-01,0,,,,,,,,,,,,,,,,,,,
SI1093-ZERO,ZERO,SI1093,2017-04-01,2025-10-01,0,,,,,,,,,,,,,,,,,,,
SI1094-ZERO,ZERO,SI1094,2017-04-01,2025-10-01,0,,,,,,,,,,,,,,,,,,,
SI1095-ZERO,ZERO,SI1095,2017-04-01,2025-10-01,0,,,,,,,,,,,,,,,,,,,
SI1096-ZERO,ZERO,SI1096,2017-04-01,2025-10-01,0,,,,,,,,,,,,,,,,,,,
SI1097-ZERO,ZERO,SI1097,2017-04-01,2025-10-01,0,,,,,,,,,,,,,,,,,,,
SI1098-ZERO,ZERO,SI1098,2017-04-01,2025-10-01,0,,,,,,,,,,,,,,,,,,,
SI1099-ZERO,ZERO,SI1099,2017-04-01,2025-10-01,0,,,,,,,,,,,,,,,,,,,
SI1100-ZERO,ZERO,SI1100,2017-04-01,2025-10-01,0,,,,,,,,,,,,,,,,,,,
SI1101-ZERO,ZERO,SI1101,2017-04-01,2025-10-01,0,,,,,,,,,,,,,,,,,,,
SI1102-ZERO,ZERO,SI1102,2017-04-01,2025-10-01,0,,,,,,,,,,,,,,,,,,,
SI1103-ZERO,ZERO,SI1103,2017-04-01,2025-10-01,0,,,,,,,,,,,,,,,,,,,
SI1104-ZERO,ZERO,SI1104,2017-04-01,2025-10-01,0,,,,,,,,,,,,,,,,,,,
SI1105-ZERO,ZERO,SI1105,2017-04-01,2025-10-01,0,,,,,,,,,,,,,,,,,,,
SI1106-ZERO,ZERO,SI1106,2017-04-01,2025-10-01,0,,,,,,,,,,,,,,,,,,,
SI1107-ZERO,ZERO,SI1107,2017-04-01,2025-10-01,0,,,,,,,,,,,,,,,,,,,
SI1108-ZERO,ZERO,SI1108,2017-04-01,2025-10-01,0,,,,,,,,,,,,,,,,,,,
SI1109-ZERO,ZERO,SI1109,2017-04-01,2025-10-01,0,,,,,,,,,,,,,,,,,,,
SI1110-ZERO,ZERO,SI1110,2017-04-01,2025-10-01,0,,,,,,,,,,,,,,,,,,,
SI1111-ZERO,ZERO,SI1111,2017-04-01,2025-10-01,0,,,,,,,,,,,,,,,,,,,
SI1112-ZERO,ZERO,SI1112,2017-04-01,2025-10-01,0,,,,,,,,,,,,,,,,,,,
SI1113-ZERO,ZERO,SI1113,2017-04-01,2025-10-01,0,,,,,,,,,,,,,,,,,,,
SI1114-ZERO,ZERO,SI1114,2017-04-01,2025-10-01,0,,,,,,,,,,,,,,,,,,,
SI1115-ZERO,ZERO,SI1115,2017-04-01,2025-10-01,0,,,,,,,,,,,,,,,,,,,
SI1116-ZERO,ZERO,SI1116,2017-04-01,2025-10-01,0,,,,,,,,,,,,,,,,,,,
SI1117-ZERO,ZERO,SI1117,2017-04-01,2025-10-01,0,,,,,,,,,,,,,,,,,,,
SI1118-ZERO,ZERO,SI1118,2017-04-01,2025-10-01,0,,,,,,,,,,,,,,,,,,,
SI1119-ZERO,ZERO,SI1119,2017-04-01,2025-10-01,0,,,,,,,,,,,,,,,,,,,
SI1120-ZERO,ZERO,SI1120,2017-04-01,2025-10-01,0,,,,,,,,,,,,,,,,,,,
SI1121-ZERO,ZERO,SI1121,2017-04-01,2025-10-01,0,,,,,,,,,,,,,,,,,,,
SI1122-ZERO,ZERO,SI1122,2017-04-01,2025-10-01,0,,,,,,,,,,,,,,,,,,,
SI1123-ZERO,ZERO,SI1123,2017-04-01,2025-10-01,0,,,,,,,,,,,,,,,,,,,
SI1124-ZERO,ZERO,SI1124,2017-04-01,2025-10-01,0,,,,,,,,,,,,,,,,,,,
SI1125-ZERO,ZERO,SI1125,2017-04-01,2025-10-01,0,,,,,,,,,,,,,,,,,,,
SI1126-ZERO,ZERO,SI1126,2017-04-01,2025-10-01,0,,,,,,,,,,,,,,,,,,,
SI1127-ZERO,ZERO,SI1127,2017-04-01,2025-10-01,0,,,,,,,,,,,,,,,,,,,
SI1128-ZERO,ZERO,SI1128,2017-04-01,2025-10-01,0,,,,,,,,,,,,,,,,,,,
SI1129-ZERO,ZERO,SI1129,2017-04-01,2025-10-01,0,,,,,,,,,,,,,,,,,,,
SI1231-ZERO,ZERO,SI1231,2020-04-01,2025-10-01,0,,,,,,,,,,,,,,,,,,,
SI1240-ZERO,ZERO,SI1240,2020-04-01,2025-10-01,0,,,,,,,,,,,,,,,,,,,
SI1274-ZERO,ZERO,SI1274,2020-04-01,2025-10-01,0,,,,,,,,,,,,,,,,,,,
SI1333-ZERO,ZERO,SI1333,2020-04-01,2025-10-01,0,,,,,,,,,,,,,,,,,,,
SI1231-STD,STD,SI1231,2020-04-01,2025-10-01,20,,,,,,,,,,,,,,,,,,,
SI1240-STD,STD,SI1240,2020-04-01,2025-10-01,20,,,,,,,,,,,,,,,,,,,
SI1274-STD,STD,SI1274,2020-04-01,2025-10-01,20,,,,,,,,,,,,,,,,,,,
SI1333-STD,STD,SI1333,2020-04-01,2025-10-01,20,,,,,,,,,,,,,,,,,,,
SI1334-ZERO,ZERO,SI1334,2020-04-01,2025-10-01,0,,,,,,,,,,,,,,,,,,,
SI1335-ZERO,ZERO,SI1335,2020-04-01,2025-10-01,0,,,,,,,,,,,,,,,,,,,
SI1336-ZERO,ZERO,SI1336,2020-04-01,2025-10-01,0,,,,,,,,,,,,,,,,,,,
SI1337-ZERO,ZERO,SI1337,2020-04-01,2025-10-01,0,,,,,,,,,,,,,,,,,,,
SI1338-ZERO,ZERO,SI1338,2020-04-01,2025-10-01,0,,,,,,,,,,,,,,,,,,,
SI1339-ZERO,ZERO,SI1339,2020-04-01,2025-10-01,0,,,,,,,,,,,,,,,,,,,
SI1340-ZERO,ZERO,SI1340,2020-04-01,2025-10-01,0,,,,,,,,,,,,,,,,,,,
SI1341-ZERO,ZERO,SI1341,2020-04-01,2025-10-01,0,,,,,,,,,,,,,,,,,,,
SI1342-ZERO,ZERO,SI1342,2020-04-01,2025-10-01,0,,,,,,,,,,,,,,,,,,,
SI1343-ZERO,ZERO,SI1343,2020-04-01,2025-10-01,0,,,,,,,,,,,,,,,,,,,
SI1344-ZERO,ZERO,SI1344,2020-04-01,2025-10-01,0,,,,,,,,,,,,,,,,,,,
SI1345-ZERO,ZERO,SI1345,2020-04-01,2025-10-01,0,,,,,,,,,,,,,,,,,,,
SI1346-ZERO,ZERO,SI1346,2020-04-01,2025-10-01,0,,,,,,,,,,,,,,,,,,,
SI1347-ZERO,ZERO,SI1347,2020-04-01,2025-10-01,0,,,,,,,,,,,,,,,,,,,
SI1348-ZERO,ZERO,SI1348,2020-04-01,2025-10-01,0,,,,,,,,,,,,,,,,,,,
SI1349-ZERO,ZERO,SI1349,2020-04-01,2025-10-01,0,,,,,,,,,,,,,,,,,,,
SI1350-ZERO,ZERO,SI1350,2020-04-01,2025-10-01,0,,,,,,,,,,,,,,,,,,,
SI1351-ZERO,ZERO,SI1351,2020-04-01,2025-10-01,0,,,,,,,,,,,,,,,,,,,
SI1352-ZERO,ZERO,SI1352,2020-04-01,2025-10-01,0,,,,,,,,,,,,,,,,,,,
SI1353-ZERO,ZERO,SI1353,2020-04-01,2025-10-01,0,,,,,,,,,,,,,,,,,,,
SI1354-ZERO,ZERO,SI1354,2020-04-01,2025-10-01,0,,,,,,,,,,,,,,,,,,,
SI1355-ZERO,ZERO,SI1355,2020-04-01,2025-10-01,0,,,,,,,,,,,,,,,,,,,
SI1356-ZERO,ZERO,SI1356,2020-04-01,2025-10-01,0,,,,,,,,,,,,,,,,,,,
SI1357-ZERO,ZERO,SI1357,2020-04-01,2025-10-01,0,,,,,,,,,,,,,,,,,,,
SI1358-ZERO,ZERO,SI1358,2020-04-01,2025-10-01,0,,,,,,,,,,,,,,,,,,,
SI1359-ZERO,ZERO,SI1359,2020-04-01,2025-10-01,0,,,,,,,,,,,,,,,,,,,
SI1360-ZERO,ZERO,SI1360,2020-04-01,2025-10-01,0,,,,,,,,,,,,,,,,,,,
SI1361-ZERO,ZERO,SI1361,2020-04-01,2025-10-01,0,,,,,,,,,,,,,,,,,,,
SI1362-ZERO,ZERO,SI1362,2020-04-01,2025-10-01,0,,,,,,,,,,,,,,,,,,,
SI1363-ZERO,ZERO,SI1363,2020-04-01,2025-10-01,0,,,,,,,,,,,,,,,,,,,
SI1364-ZERO,ZERO,SI1364,2020-04-01,2025-10-01,0,,,,,,,,,,,,,,,,,,,
SI1365-ZERO,ZERO,SI1365,2020-04-01,2025-10-01,0,,,,,,,,,,,,,,,,,,,
SI1366-ZERO,ZERO,SI1366,2020-04-01,2025-10-01,0,,,,,,,,,,,,,,,,,,,
SI1367-ZERO,ZERO,SI1367,2020-04-01,2025-10-01,0,,,,,,,,,,,,,,,,,,,
SI1368-ZERO,ZERO,SI1368,2020-04-01,2025-10-01,0,,,,,,,,,,,,,,,,,,,
SI1369-ZERO,ZERO,SI1369,2020-04-01,2025-10-01,0,,,,,,,,,,,,,,,,,,,
SI1370-ZERO,ZERO,SI1370,2020-04-01,2025-10-01,0,,,,,,,,,,,,,,,,,,,
SI1371-ZERO,ZERO,SI1371,2020-04-01,2025-10-01,0,,,,,,,,,,,,,,,,,,,
SI1372-ZERO,ZERO,SI1372,2020-04-01,2025-10-01,0,,,,,,,,,,,,,,,,,,,
SI1373-ZERO,ZERO,SI1373,2020-04-01,2025-10-01,0,,,,,,,,,,,,,,,,,,,
SI1374-ZERO,ZERO,SI1374,2020-04-01,2025-10-01,0,,,,,,,,,,,,,,,,,,,
SI1375-ZERO,ZERO,SI1375,2020-04-01,2025-10-01,0,,,,,,,,,,,,,,,,,,,
SI1376-ZERO,ZERO,SI1376,2020-04-01,2025-10-01,0,,,,,,,,,,,,,,,,,,,
SI1377-ZERO,ZERO,SI1377,2020-04-01,2025-10-01,0,,,,,,,,,,,,,,,,,,,
SI1378-ZERO,ZERO,SI1378,2020-04-01,2025-10-01,0,,,,,,,,,,,,,,,,,,,
SI1379-ZERO,ZERO,SI1379,2020-04-01,2025-10-01,0,,,,,,,,,,,,,,,,,,,
SI1380-ZERO,ZERO,SI1380,2020-04-01,2025-10-01,0,,,,,,,,,,,,,,,,,,,
SI1381-ZERO,ZERO,SI1381,2020-04-01,2025-10-01,0,,,,,,,,,,,,,,,,,,,
SI1382-ZERO,ZERO,SI1382,2020-04-01,2025-10-01,0,,,,,,,,,,,,,,,,,,,
SI1383-ZERO,ZERO,SI1383,2020-04-01,2025-10-01,0,,,,,,,,,,,,,,,,,,,
SI1384-ZERO,ZERO,SI1384,2020-04-01,2025-10-01,0,,,,,,,,,,,,,,,,,,,
SI1385-ZERO,ZERO,SI1385,2020-04-01,2025-10-01,0,,,,,,,,,,,,,,,,,,,
SI1386-ZERO,ZERO,SI1386,2020-04-01,2025-10-01,0,,,,,,,,,,,,,,,,,,,
SI1387-ZERO,ZERO,SI1387,2020-04-01,2025-10-01,0,,,,,,,,,,,,,,,,,,,
SI1388-ZERO,ZERO,SI1388,2020-04-01,2025-10-01,0,,,,,,,,,,,,,,,,,,,
SI1389-ZERO,ZERO,SI1389,2020-04-01,2025-10-01,0,,,,,,,,,,,,,,,,,,,
SI1390-ZERO,ZERO,SI1390,2020-04-01,2025-10-01,0,,,,,,,,,,,,,,,,,,,
SI1391-ZERO,ZERO,SI1391,2020-04-01,2025-10-01,0,,,,,,,,,,,,,,,,,,,
SI1392-ZERO,ZERO,SI1392,2020-04-01,2025-10-01,0,,,,,,,,,,,,,,,,,,,
SI1393-ZERO,ZERO,SI1393,2020-04-01,2025-10-01,0,,,,,,,,,,,,,,,,,,,
SI1394-ZERO,ZERO,SI1394,2020-04-01,2025-10-01,0,,,,,,,,,,,,,,,,,,,
SI1395-ZERO,ZERO,SI1395,2020-04-01,2025-10-01,0,,,,,,,,,,,,,,,,,,,
SI1396-ZERO,ZERO,SI1396,2020-04-01,2025-10-01,0,,,,,,,,,,,,,,,,,,,
SI1397-ZERO,ZERO,SI1397,2020-04-01,2025-10-01,0,,,,,,,,,,,,,,,,,,,
SI1398-ZERO,ZERO,SI1398,2020-04-01,2025-10-01,0,,,,,,,,,,,,,,,,,,,
SI1399-ZERO,ZERO,SI1399,2020-04-01,2025-10-01,0,,,,,,,,,,,,,,,,,,,
SI1400-ZERO,ZERO,SI1400,2020-04-01,2025-10-01,0,,,,,,,,,,,,,,,,,,,
SI1401-ZERO,ZERO,SI1401,2020-04-01,2025-10-01,0,,,,,,,,,,,,,,,,,,,
SI1402-ZERO,ZERO,SI1402,2020-04-01,2025-10-01,0,,,,,,,,,,,,,,,,,,,
SI1403-ZERO,ZERO,SI1403,2020-04-01,2025-10-01,0,,,,,,,,,,,,,,,,,,,
SI1404-ZERO,ZERO,SI1404,2020-04-01,2025-10-01,0,,,,,,,,,,,,,,,,,,,
SI1405-ZERO,ZERO,SI1405,2020-04-01,2025-10-01,0,,,,,,,,,,,,,,,,,,,
SI1406-ZERO,ZERO,SI1406,2020-04-01,2025-10-01,0,,,,,,,,,,,,,,,,,,,
SI1407-ZERO,ZERO,SI1407,2020-04-01,2025-10-01,0,,,,,,,,,,,,,,,,,,,
SI1408-ZERO,ZERO,SI1408,2020-04-01,2025-10-01,0,,,,,,,,,,,,,,,,,,,
SI1409-ZERO,ZERO,SI1409,2020-04-01,2025-10-01,0,,,,,,,,,,,,,,,,,,,
SI1410-ZERO,ZERO,SI1410,2020-04-01,2025-10-01,0,,,,,,,,,,,,,,,,,,,
SI1411-ZERO,ZERO,SI1411,2020-04-01,2025-10-01,0,,,,,,,,,,,,,,,,,,,
SI1412-ZERO,ZERO,SI1412,2020-04-01,2025-10-01,0,,,,,,,,,,,,,,,,,,,
SI1413-ZERO,ZERO,SI1413,2020-04-01,2025-10-01,0,,,,,,,,,,,,,,,,,,,
SI1414-ZERO,ZERO,SI1414,2020-04-01,2025-10-01,0,,,,,,,,,,,,,,,,,,,
SI1415-ZERO,ZERO,SI1415,2020-04-01,2025-10-01,0,,,,,,,,,,,,,,,,,,,
SI1416-ZERO,ZERO,SI1416,2020-04-01,2025-10-01,0,,,,,,,,,,,,,,,,,,,
SI1417-ZERO,ZERO,SI1417,2020-04-01,2025-10-01,0,,,,,,,,,,,,,,,,,,,
SI1418-ZERO,ZERO,SI1418,2020-04-01,2025-10-01,0,,,,,,,,,,,,,,,,,,,
SI1419-ZERO,ZERO,SI1419,2020-04-01,2025-10-01,0,,,,,,,,,,,,,,,,,,,
SI1420-ZERO,ZERO,SI1420,2020-04-01,2025-10-01,0,,,,,,,,,,,,,,,,,,,
SI1421-ZERO,ZERO,SI1421,2020-04-01,2025-10-01,0,,,,,,,,,,,,,,,,,,,
SI1422-ZERO,ZERO,SI1422,2020-04-01,2025-10-01,0,,,,,,,,,,,,,,,,,,,
SI1423-ZERO,ZERO,SI1423,2020-04-01,2025-10-01,0,,,,,,,,,,,,,,,,,,,
SI1424-ZERO,ZERO,SI1424,2020-04-01,2025-10-01,0,,,,,,,,,,,,,,,,,,,
SI1425-ZERO,ZERO,SI1425,2020-04-01,2025-10-01,0,,,,,,,,,,,,,,,,,,,
SI1426-ZERO,ZERO,SI1426,2020-04-01,2025-10-01,0,,,,,,,,,,,,,,,,,,,
SI1427-ZERO,ZERO,SI1427,2020-04-01,2025-10-01,0,,,,,,,,,,,,,,,,,,,
SI1428-ZERO,ZERO,SI1428,2020-04-01,2025-10-01,0,,,,,,,,,,,,,,,,,,,
SI1429-ZERO,ZERO,SI1429,2020-04-01,2025-10-01,0,,,,,,,,,,,,,,,,,,,
SI1430-ZERO,ZERO,SI1430,2020-04-01,2025-10-01,0,,,,,,,,,,,,,,,,,,,
SI1431-ZERO,ZERO,SI1431,2020-04-01,2025-10-01,0,,,,,,,,,,,,,,,,,,,
SI1432-ZERO,ZERO,SI1432,2020-04-01,2025-10-01,0,,,,,,,,,,,,,,,,,,,
SI1433-ZERO,ZERO,SI1433,2020-04-01,2025-10-01,0,,,,,,,,,,,,,,,,,,,
SI1434-ZERO,ZERO,SI1434,2020-04-01,2025-10-01,0,,,,,,,,,,,,,,,,,,,
SI1435-ZERO,ZERO,SI1435,2020-04-01,2025-10-01,0,,,,,,,,,,,,,,,,,,,
SI1436-ZERO,ZERO,SI1436,2020-04-01,2025-10-01,0,,,,,,,,,,,,,,,,,,,
SI1437-ZERO,ZERO,SI1437,2020-04-01,2025-10-01,0,,,,,,,,,,,,,,,,,,,
SI1438-ZERO,ZERO,SI1438,2020-04-01,2025-10-01,0,,,,,,,,,,,,,,,,,,,
SI1439-ZERO,ZERO,SI1439,2020-04-01,2025-10-01,0,,,,,,,,,,,,,,,,,,,
SI1440-ZERO,ZERO,SI1440,2020-04-01,2025-10-01,0,,,,,,,,,,,,,,,,,,,
SI1441-ZERO,ZERO,SI1441,2020-04-01,2025-10-01,0,,,,,,,,,,,,,,,,,,,
SI1442-ZERO,ZERO,SI1442,2020-04-01,2025-10-01,0,,,,,,,,,,,,,,,,,,,
SI1443-ZERO,ZERO,SI1443,2020-04-01,2025-10-01,0,,,,,,,,,,,,,,,,,,,
SI1444-ZERO,ZERO,SI1444,2020-04-01,2025-10-01,0,,,,,,,,,,,,,,,,,,,
SI1445-ZERO,ZERO,SI1445,2020-04-01,2025-10-01,0,,,,,,,,,,,,,,,,,,,
SI1446-ZERO,ZERO,SI1446,2020-04-01,2025-10-01,0,,,,,,,,,,,,,,,,,,,
SI1447-ZERO,ZERO,SI1447,2020-04-01,2025-10-01,0,,,,,,,,,,,,,,,,,,,
SI1448-ZERO,ZERO,SI1448,2020-04-01,2025-10-01,0,,,,,,,,,,,,,,,,,,,
SI1449-ZERO,ZERO,SI1449,2020-04-01,2025-10-01,0,,,,,,,,,,,,,,,,,,,
SI1450-ZERO,ZERO,SI1450,2020-04-01,2025-10-01,0,,,,,,,,,,,,,,,,,,,
SI1451-ZERO,ZERO,SI1451,2020-04-01,2025-10-01,0,,,,,,,,,,,,,,,,,,,
SI1452-ZERO,ZERO,SI1452,2020-04-01,2025-10-01,0,,,,,,,,,,,,,,,,,,,
SI1453-ZERO,ZERO,SI1453,2020-04-01,2025-10-01,0,,,,,,,,,,,,,,,,,,,
SI1454-ZERO,ZERO,SI1454,2020-04-01,2025-10-01,0,,,,,,,,,,,,,,,,,,,
SI1455-ZERO,ZERO,SI1455,2020-04-01,2025-10-01,0,,,,,,,,,,,,,,,,,,,
SI1456-ZERO,ZERO,SI1456,2020-04-01,2025-10-01,0,,,,,,,,,,,,,,,,,,,
SI1457-ZERO,ZERO,SI1457,2020-04-01,2025-10-01,0,,,,,,,,,,,,,,,,,,,
SI1458-ZERO,ZERO,SI1458,2020-04-01,2025-10-01,0,,,,,,,,,,,,,,,,,,,
SI1459-ZERO,ZERO,SI1459,2020-04-01,2025-10-01,0,,,,,,,,,,,,,,,,,,,
SI1460-ZERO,ZERO,SI1460,2020-04-01,2025-10-01,0,,,,,,,,,,,,,,,,,,,
SI1461-ZERO,ZERO,SI1461,2020-04-01,2025-10-01,0,,,,,,,,,,,,,,,,,,,
SI1462-ZERO,ZERO,SI1462,2020-04-01,2025-10-01,0,,,,,,,,,,,,,,,,,,,
SI1463-ZERO,ZERO,SI1463,2020-04-01,2025-10-01,0,,,,,,,,,,,,,,,,,,,
SI1464-ZERO,ZERO,SI1464,2020-04-01,2025-10-01,0,,,,,,,,,,,,,,,,,,,
SI1465-ZERO,ZERO,SI1465,2020-04-01,2025-10-01,0,,,,,,,,,,,,,,,,,,,
SI1466-ZERO,ZERO,SI1466,2020-04-01,2025-10-01,0,,,,,,,,,,,,,,,,,,,
SI1467-ZERO,ZERO,SI1467,2020-04-01,2025-10-01,0,,,,,,,,,,,,,,,,,,,
SI1468-ZERO,ZERO,SI1468,2020-04-01,2025-10-01,0,,,,,,,,,,,,,,,,,,,
SI1469-ZERO,ZERO,SI1469,2020-04-01,2025-10-01,0,,,,,,,,,,,,,,,,,,,
SI1470-ZERO,ZERO,SI1470,2020-04-01,2025-10-01,0,,,,,,,,,,,,,,,,,,,
SI1471-ZERO,ZERO,SI1471,2020-04-01,2025-10-01,0,,,,,,,,,,,,,,,,,,,
SI1472-ZERO,ZERO,SI1472,2020-04-01,2025-10-01,0,,,,,,,,,,,,,,,,,,,
SI1473-ZERO,ZERO,SI1473,2020-04-01,2025-10-01,0,,,,,,,,,,,,,,,,,,,
SI1474-ZERO,ZERO,SI1474,2020-04-01,2025-10-01,0,,,,,,,,,,,,,,,,,,,
SI1475-ZERO,ZERO,SI1475,2020-04-01,2025-10-01,0,,,,,,,,,,,,,,,,,,,
SI1476-ZERO,ZERO,SI1476,2020-04-01,2025-10-01,0,,,,,,,,,,,,,,,,,,,
SI1477-ZERO,ZERO,SI1477,2020-04-01,2025-10-01,0,,,,,,,,,,,,,,,,,,,
SI1478-ZERO,ZERO,SI1478,2020-04-01,2025-10-01,0,,,,,,,,,,,,,,,,,,,
SI1479-ZERO,ZERO,SI1479,2020-04-01,2025-10-01,0,,,,,,,,,,,,,,,,,,,
SI1480-ZERO,ZERO,SI1480,2020-04-01,2025-10-01,0,,,,,,,,,,,,,,,,,,,
SI1481-ZERO,ZERO,SI1481,2020-04-01,2025-10-01,0,,,,,,,,,,,,,,,,,,,
SI1482-ZERO,ZERO,SI1482,2020-04-01,2025-10-01,0,,,,,,,,,,,,,,,,,,,
SI1483-ZERO,ZERO,SI1483,2020-04-01,2025-10-01,0,,,,,,,,,,,,,,,,,,,
SI1484-ZERO,ZERO,SI1484,2020-04-01,2025-10-01,0,,,,,,,,,,,,,,,,,,,
SI1485-ZERO,ZERO,SI1485,2020-04-01,2025-10-01,0,,,,,,,,,,,,,,,,,,,
SI1486-ZERO,ZERO,SI1486,2020-04-01,2025-10-01,0,,,,,,,,,,,,,,,,,,,
SI1487-ZERO,ZERO,SI1487,2020-04-01,2025-10-01,0,,,,,,,,,,,,,,,,,,,
SI1488-ZERO,ZERO,SI1488,2020-04-01,2025-10-01,0,,,,,,,,,,,,,,,,,,,
SI1489-ZERO,ZERO,SI1489,2020-04-01,2025-10-01,0,,,,,,,,,,,,,,,,,,,
SI1490-ZERO,ZERO,SI1490,2020-04-01,2025-10-01,0,,,,,,,,,,,,,,,,,,,
SI1491-ZERO,ZERO,SI1491,2020-04-01,2025-10-01,0,,,,,,,,,,,,,,,,,,,
SI1492-ZERO,ZERO,SI1492,2020-04-01,2025-10-01,0,,,,,,,,,,,,,,,,,,,
SI1493-ZERO,ZERO,SI1493,2020-04-01,2025-10-01,0,,,,,,,,,,,,,,,,,,,
SI1494-ZERO,ZERO,SI1494,2020-04-01,2025-10-01,0,,,,,,,,,,,,,,,,,,,
SI1495-ZERO,ZERO,SI1495,2020-04-01,2025-10-01,0,,,,,,,,,,,,,,,,,,,
SI1496-ZERO,ZERO,SI1496,2020-04-01,2025-10-01,0,,,,,,,,,,,,,,,,,,,
SI1497-ZERO,ZERO,SI1497,2020-04-01,2025-10-01,0,,,,,,,,,,,,,,,,,,,
SI1498-ZERO,ZERO,SI1498,2020-04-01,2025-10-01,0,,,,,,,,,,,,,,,,,,,
SI1499-ZERO,ZERO,SI1499,2020-04-01,2025-10-01,0,,,,,,,,,,,,,,,,,,,
SI1500-ZERO,ZERO,SI1500,2020-04-01,2025-10-01,0,,,,,,,,,,,,,,,,,,,
SI1501-ZERO,ZERO,SI1501,2020-04-01,2025-10-01,0,,,,,,,,,,,,,,,,,,,
SI1502-ZERO,ZERO,SI1502,2020-04-01,2025-10-01,0,,,,,,,,,,,,,,,,,,,
SI1503-ZERO,ZERO,SI1503,2020-04-01,2025-10-01,0,,,,,,,,,,,,,,,,,,,
SI1504-ZERO,ZERO,SI1504,2020-04-01,2025-10-01,0,,,,,,,,,,,,,,,,,,,
SI1505-ZERO,ZERO,SI1505,2020-04-01,2025-10-01,0,,,,,,,,,,,,,,,,,,,
SI1506-ZERO,ZERO,SI1506,2020-04-01,2025-10-01,0,,,,,,,,,,,,,,,,,,,
SI1507-ZERO,ZERO,SI1507,2020-04-01,2025-10-01,0,,,,,,,,,,,,,,,,,,,
SI1508-ZERO,ZERO,SI1508,2020-04-01,2025-10-01,0,,,,,,,,,,,,,,,,,,,
SI1509-ZERO,ZERO,SI1509,2020-04-01,2025-10-01,0,,,,,,,,,,,,,,,,,,,
SI1510-ZERO,ZERO,SI1510,2020-04-01,2025-10-01,0,,,,,,,,,,,,,,,,,,,
SI1511-ZERO,ZERO,SI1511,2020-04-01,2025-10-01,0,,,,,,,,,,,,,,,,,,,
SI1512-ZERO,ZERO,SI1512,2020-04-01,2025-10-01,0,,,,,,,,,,,,,,,,,,,
SI1513-ZERO,ZERO,SI1513,2020-04-01,2025-10-01,0,,,,,,,,,,,,,,,,,,,
SI1514-ZERO,ZERO,SI1514,2020-04-01,2025-10-01,0,,,,,,,,,,,,,,,,,,,
SI1515-ZERO,ZERO,SI1515,2020-04-01,2025-10-01,0,,,,,,,,,,,,,,,,,,,
SI1516-ZERO,ZERO,SI1516,2020-04-01,2025-10-01,0,,,,,,,,,,,,,,,,,,,
SI1517-ZERO,ZERO,SI1517,2020-04-01,2025-10-01,0,,,,,,,,,,,,,,,,,,,
SI1518-ZERO,ZERO,SI1518,2020-04-01,2025-10-01,0,,,,,,,,,,,,,,,,,,,
SI1519-ZERO,ZERO,SI1519,2020-04-01,2025-10-01,0,,,,,,,,,,,,,,,,,,,
SI1520-ZERO,ZERO,SI1520,2020-04-01,2025-10-01,0,,,,,,,,,,,,,,,,,,,
SI1521-ZERO,ZERO,SI1521,2020-04-01,2025-10-01,0,,,,,,,,,,,,,,,,,,,
SI1522-ZERO,ZERO,SI1522,2020-04-01,2025-10-01,0,,,,,,,,,,,,,,,,,,,
SI1523-ZERO,ZERO,SI1523,2020-04-01,2025-10-01,0,,,,,,,,,,,,,,,,,,,
SI1524-ZERO,ZERO,SI1524,2020-04-01,2025-10-01,0,,,,,,,,,,,,,,,,,,,
SI1525-ZERO,ZERO,SI1525,2020-04-01,2025-10-01,0,,,,,,,,,,,,,,,,,,,
SI1526-ZERO,ZERO,SI1526,2020-04-01,2025-10-01,0,,,,,,,,,,,,,,,,,,,
SI1527-ZERO,ZERO,SI1527,2020-04-01,2025-10-01,0,,,,,,,,,,,,,,,,,,,
SI1528-ZERO,ZERO,SI1528,2020-04-01,2025-10-01,0,,,,,,,,,,,,,,,,,,,
SI1529-ZERO,ZERO,SI1529,2020-04-01,2025-10-01,0,,,,,,,,,,,,,,,,,,,
SI1530-ZERO,ZERO,SI1530,2020-04-01,2025-10-01,0,,,,,,,,,,,,,,,,,,,
SI1531-ZERO,ZERO,SI1531,2020-04-01,2025-10-01,0,,,,,,,,,,,,,,,,,,,
SI1532-ZERO,ZERO,SI1532,2020-04-01,2025-10-01,0,,,,,,,,,,,,,,,,,,,
SI1533-ZERO,ZERO,SI1533,2020-04-01,2025-10-01,0,,,,,,,,,,,,,,,,,,,
SI1534-ZERO,ZERO,SI1534,2020-04-01,2025-10-01,0,,,,,,,,,,,,,,,,,,,
SI1535-ZERO,ZERO,SI1535,2020-04-01,2025-10-01,0,,,,,,,,,,,,,,,,,,,
SI1536-ZERO,ZERO,SI1536,2020-04-01,2025-10-01,0,,,,,,,,,,,,,,,,,,,
SI1537-ZERO,ZERO,SI1537,2020-04-01,2025-10-01,0,,,,,,,,,,,,,,,,,,,
SI1538-ZERO,ZERO,SI1538,2017-04-01,2025-10-01,0,,,,,,,,,,,,,,,,,,,
SI1539-ZERO,ZERO,SI1539,2017-04-01,2025-10-01,0,,,,,,,,,,,,,,,,,,,
SI1540-ZERO,ZERO,SI1540,2017-04-01,2025-10-01,0,,,,,,,,,,,,,,,,,,,
SI1541-ZERO,ZERO,SI1541,2017-04-01,2025-10-01,0,,,,,,,,,,,,,,,,,,,
SI1542-ZERO,ZERO,SI1542,2017-04-01,2025-10-01,0,,,,,,,,,,,,,,,,,,,
SI1543-ZERO,ZERO,SI1543,2020-04-01,2025-10-01,0,,,,,,,,,,,,,,,,,,,
SI1544-ZERO,ZERO,SI1544,2020-04-01,2025-10-01,0,,,,,,,,,,,,,,,,,,,
SI1545-ZERO,ZERO,SI1545,2020-04-01,2025-10-01,0,,,,,,,,,,,,,,,,,,,
SI1546-ZERO,ZERO,SI1546,2020-04-01,2025-10-01,0,,,,,,,,,,,,,,,,,,,
SI1546A-ZERO,ZERO,SI1546A ,2017-04-01,2025-10-01,0,,,,,,,,,,,,,,,,,,,
SI1547-ZERO,ZERO,SI1547,2017-04-01,2025-10-01,0,,,,,,,,,,,,,,,,,,,
SI1548-ZERO,ZERO,SI1548,2017-04-01,2025-10-01,0,,,,,,,,,,,,,,,,,,,
SI1549-ZERO,ZERO,SI1549,2017-04-01,2025-10-01,0,,,,,,,,,,,,,,,,,,,
SI1550-ZERO,ZERO,SI1550,2017-04-01,2025-10-01,0,,,,,,,,,,,,,,,,,,,
SI1551-ZERO,ZERO,SI1551,2017-04-01,2025-10-01,0,,,,,,,,,,,,,,,,,,,
SI1552-ZERO,ZERO,SI1552,2017-04-01,2025-10-01,0,,,,,,,,,,,,,,,,,,,
SI1553-ZERO,ZERO,SI1553,2017-04-01,2025-10-01,0,,,,,,,,,,,,,,,,,,,
SI1554-ZERO,ZERO,SI1554,2017-04-01,2025-10-01,0,,,,,,,,,,,,,,,,,,,
SI1555-ZERO,ZERO,SI1555,2017-04-01,2025-10-01,0,,,,,,,,,,,,,,,,,,,
SI1556-ZERO,ZERO,SI1556,2017-04-01,2025-10-01,0,,,,,,,,,,,,,,,,,,,
SI1557-ZERO,ZERO,SI1557,2017-04-01,2025-10-01,0,,,,,,,,,,,,,,,,,,,
SI1558-ZERO,ZERO,SI1558,2017-04-01,2025-10-01,0,,,,,,,,,,,,,,,,,,,
SI1559-ZERO,ZERO,SI1559,2020-04-01,2025-10-01,0,,,,,,,,,,,,,,,,,,,
SI1560-ZERO,ZERO,SI1560,2020-04-01,2025-10-01,0,,,,,,,,,,,,,,,,,,,
SI1561-ZERO,ZERO,SI1561,2020-04-01,2025-10-01,0,,,,,,,,,,,,,,,,,,,
SI1562-ZERO,ZERO,SI1562,2020-04-01,2025-10-01,0,,,,,,,,,,,,,,,,,,,
SI1563-ZERO,ZERO,SI1563,2020-04-01,2025-10-01,0,,,,,,,,,,,,,,,,,,,
SI1564-ZERO,ZERO,SI1564,2020-04-01,2025-10-01,0,,,,,,,,,,,,,,,,,,,
SI1565-ZERO,ZERO,SI1565,2020-04-01,2025-10-01,0,,,,,,,,,,,,,,,,,,,
SI1566-ZERO,ZERO,SI1566,2020-04-01,2025-10-01,0,,,,,,,,,,,,,,,,,,,
SI1567-ZERO,ZERO,SI1567,2020-04-01,2025-10-01,0,,,,,,,,,,,,,,,,,,,
SI1568-ZERO,ZERO,SI1568,2020-04-01,2025-10-01,0,,,,,,,,,,,,,,,,,,,
SI1569-ZERO,ZERO,SI1569,2020-04-01,2025-10-01,0,,,,,,,,,,,,,,,,,,,
SI1570-ZERO,ZERO,SI1570,2020-04-01,2025-10-01,0,,,,,,,,,,,,,,,,,,,
SI1571-ZERO,ZERO,SI1571,2020-04-01,2025-10-01,0,,,,,,,,,,,,,,,,,,,
